-- phpMyAdmin SQL Dump
-- version 4.5.4.1deb2ubuntu2
-- http://www.phpmyadmin.net
--
-- Host: localhost
-- Generation Time: Aug 08, 2017 at 09:22 PM
-- Server version: 5.7.19-0ubuntu0.16.04.1
-- PHP Version: 7.0.18-0ubuntu0.16.04.1

SET SQL_MODE = "NO_AUTO_VALUE_ON_ZERO";
SET time_zone = "+00:00";


/*!40101 SET @OLD_CHARACTER_SET_CLIENT=@@CHARACTER_SET_CLIENT */;
/*!40101 SET @OLD_CHARACTER_SET_RESULTS=@@CHARACTER_SET_RESULTS */;
/*!40101 SET @OLD_COLLATION_CONNECTION=@@COLLATION_CONNECTION */;
/*!40101 SET NAMES utf8mb4 */;

--
-- Database: `ta_backend`
--

-- --------------------------------------------------------

--
-- Table structure for table `tbl_area_ruangan`
--

CREATE TABLE `tbl_area_ruangan` (
  `id_area_ruangan` int(10) NOT NULL,
  `nama_area_ruangan` varchar(50) NOT NULL,
  `x1` double NOT NULL,
  `y1` double NOT NULL,
  `x2` double NOT NULL,
  `y2` double NOT NULL,
  `x3` double NOT NULL,
  `y3` double NOT NULL,
  `x4` double NOT NULL,
  `y4` double NOT NULL,
  `id_denah_ruangan` int(10) NOT NULL
) ENGINE=InnoDB DEFAULT CHARSET=latin1;

--
-- Dumping data for table `tbl_area_ruangan`
--

INSERT INTO `tbl_area_ruangan` (`id_area_ruangan`, `nama_area_ruangan`, `x1`, `y1`, `x2`, `y2`, `x3`, `y3`, `x4`, `y4`, `id_denah_ruangan`) VALUES
(1, 'Ruang Kerja 1', 0, 3, 5, 3, 5, 9, 0, 9, 99),
(2, 'Ruang Front Office (FO)', 5, 2, 8, 2, 8, 5, 5, 5, 99),
(3, 'Ruang HRD', 0, 9, 3, 9, 3, 15, 0, 15, 99),
(4, 'Ruang Kerja 2 ', 5, 10, 10, 10, 10, 17, 5, 17, 99),
(5, 'Ruang Kerja 3', 0, 18, 6, 18, 6, 25, 0, 25, 99),
(6, 'Ruang Kerja 4', 8, 18, 12, 18, 12, 23, 8, 23, 99),
(7, 'Ruang Meeting', 8, 23, 12, 23, 12, 30, 8, 30, 99),
(8, 'Ruang Direktur Lantai 2', 19, 4, 22, 4, 22, 9, 19, 9, 99),
(9, 'Ruang Kerja 6 Lantai 2', 17, 4, 19, 4, 19, 9, 17, 9, 99),
(10, 'Ruang Kerja 5 Lantai 2', 14, 4, 17, 4, 17, 16, 14, 16, 99),
(11, 'Ruang Serbaguna Lantai 2', 18, 10, 23, 10, 23, 17, 18, 17, 99),
(12, 'Ruang Laboratorium PENS', 0, 0, 15, 0, 15, 24, 0, 24, 4),
(13, 'Ruang Dosen PENS', 0, 24, 15, 24, 15, 41, 0, 41, 4),
(14, 'Teras PENS', 15, 0, 18, 0, 18, 41, 15, 41, 4);

-- --------------------------------------------------------

--
-- Table structure for table `tbl_cubeacon`
--

CREATE TABLE `tbl_cubeacon` (
  `id_cubeacon` int(10) NOT NULL,
  `nama_cubeacon` varchar(45) NOT NULL,
  `uuid_cubeacon` varchar(45) NOT NULL,
  `major_cubeacon` int(10) NOT NULL,
  `minor_cubeacon` int(10) NOT NULL,
  `mac_address` varchar(50) NOT NULL,
  `x_position` double NOT NULL,
  `y_position` double NOT NULL,
  `color_cubeacon` varchar(100) NOT NULL,
  `id_denah_ruangan` int(10) NOT NULL
) ENGINE=InnoDB DEFAULT CHARSET=latin1;

--
-- Dumping data for table `tbl_cubeacon`
--

INSERT INTO `tbl_cubeacon` (`id_cubeacon`, `nama_cubeacon`, `uuid_cubeacon`, `major_cubeacon`, `minor_cubeacon`, `mac_address`, `x_position`, `y_position`, `color_cubeacon`, `id_denah_ruangan`) VALUES
(3, 'Beacon 1', 'CB10023F-A3180-3394-4199-A8730C7C1AEC', 1, 284, 'D4:50:2F:46:E9:AD', 6.5, 3.5, '#df0bc4', 99),
(4, 'Beacon 2 Sevima', 'CB10023F-A3180-3394-4199-A8730C7C1AEC', 2, 284, 'F5:AF:F5:3C:6F:9A', 1.5, 11.5, '#16d74e', 99),
(5, 'Beacon 3 Sevima', 'CB10023F-A3180-3394-4199-A8730C7C1AEC', 3, 284, 'F5:AF:F5:3C:6F:9A', 8.5, 15.5, '#3702d6', 99),
(6, 'Beacon 4 Sevima', 'CB10023F-A3180-3394-4199-A8730C7C1AEC', 4, 284, 'CA:6D:57:FE:39:49', 2.5, 21.5, '#80c6f0', 99),
(7, 'Beacon 5 Sevima', 'CB10023F-A3180-3394-4199-A8730C7C1AEC', 5, 284, 'CA:6D:57:FE:39:49', 10.5, 28.5, 'rgba(115,138,115,0.92)', 99),
(8, 'Beacon 6 Sevima', 'CB10023F-A3180-3394-4199-A8730C7C1AEC', 6, 284, 'F5:AF:F5:3C:6F:9A', 2.5, 6.5, '#3d15e5', 99),
(9, 'Beacon 7 Sevima', 'CB10023F-A3180-3394-4199-A8730C7C1AEC', 7, 284, 'D4:50:2F:46:E9:AD', 10.5, 21.5, '#f0f826', 99),
(10, 'Beacon 8 Sevima', 'CB10023F-A3180-3394-4199-A8730C7C1AEC', 8, 284, 'F5:AF:F5:3C:6F:9A', 20.5, 15.5, '#5817e5', 99),
(11, 'Beacon 9 Sevima', 'CB10023F-A3180-3394-4199-A8730C7C1AEC', 9, 284, 'CA:6D:57:FE:39:49', 20.5, 5.5, '#0be3d4', 99),
(12, 'Beacon 10 Sevima', 'CB10023F-A3180-3394-4199-A8730C7C1AEC', 10, 284, 'F5:AF:F5:3C:6F:9A', 18.5, 6.5, '#f5ea16', 99),
(13, 'Beacon 11 Sevima', 'CB10023F-A3180-3394-4199-A8730C7C1AEC', 11, 284, 'D4:50:2F:46:E9:AD', 16.5, 9.5, '#3f12fc', 99),
(14, ' Beacon 1 Kampus', 'CB10023F-A3180-3394-4199-A8730C7C1AEC	', 4, 284, 'F5:AF:F5:3C:6F:9A', 11.5, 1.5, '#1043df', 4);

-- --------------------------------------------------------

--
-- Table structure for table `tbl_denah_ruangan`
--

CREATE TABLE `tbl_denah_ruangan` (
  `id_denah_ruangan` int(10) NOT NULL,
  `img_denah_ruangan` varchar(100) NOT NULL,
  `nama_ruangan` varchar(100) NOT NULL
) ENGINE=InnoDB DEFAULT CHARSET=latin1;

--
-- Dumping data for table `tbl_denah_ruangan`
--

INSERT INTO `tbl_denah_ruangan` (`id_denah_ruangan`, `img_denah_ruangan`, `nama_ruangan`) VALUES
(1, 'denah-lt-1.png', 'PT Sevima Sentra Vidya Utama Lantai 1'),
(2, 'denah-lt-2.png', 'PT Sevima Sentra Vidya Utama Lantai 2'),
(4, 'kampus-2.png', 'denah kampus'),
(99, 'denah-lt-1-dan-2.png', 'PT Sevima Sentra Vidya Utama');

-- --------------------------------------------------------

--
-- Table structure for table `tbl_history_user`
--

CREATE TABLE `tbl_history_user` (
  `id_history` int(11) NOT NULL,
  `id_user` int(11) NOT NULL,
  `id_area_ruangan` int(10) NOT NULL,
  `time` datetime NOT NULL,
  `notif` text NOT NULL,
  `x_user` double NOT NULL,
  `y_user` double NOT NULL
) ENGINE=InnoDB DEFAULT CHARSET=latin1;

--
-- Dumping data for table `tbl_history_user`
--

INSERT INTO `tbl_history_user` (`id_history`, `id_user`, `id_area_ruangan`, `time`, `notif`, `x_user`, `y_user`) VALUES
(1, 30, 0, '2016-10-24 16:54:19', '', 0, 0),
(2, 30, 0, '2016-10-24 16:54:28', '', -6.050556790645, 29.178969136175),
(3, 30, 0, '2016-10-24 16:54:29', '', -7.0292568845576, 30.473378937801),
(4, 30, 0, '2016-10-24 16:54:32', '', -5.9564928127512, 29.111780580537),
(5, 30, 0, '2016-10-24 16:54:33', '', -6.3834861251173, 29.676513671085),
(6, 30, 0, '2016-10-24 16:54:38', '', -5.9564928127512, 29.111780580537),
(7, 30, 0, '2016-10-24 16:54:39', '', -6.26419724472, 29.518744506689),
(8, 30, 0, '2016-10-24 16:54:51', '', -5.7586327040144, 28.646636978202),
(9, 30, 0, '2016-10-24 16:54:53', '', -6.3021480799681, 29.637753251999),
(10, 30, 0, '2016-10-24 16:55:15', '', 0, 0),
(11, 30, 0, '2016-10-24 16:55:16', '', 5.081828011478, 14.545125427311),
(12, 30, 0, '2016-10-24 16:55:19', '', 21.666576254521, 9.4049979856139),
(13, 30, 0, '2016-10-24 16:55:21', '', 19.565570930293, 10.587115656553),
(14, 30, 0, '2016-10-24 16:55:23', '', 25.056836267992, 8.8706441375603),
(15, 30, 0, '2016-10-24 16:55:27', '', 14.813813152429, 14.149149329061),
(16, 30, 0, '2016-10-24 16:55:29', '', 21.761501371257, 9.9129331141337),
(17, 30, 0, '2016-10-24 16:55:30', '', 24.302396661468, 6.73065984646),
(18, 30, 0, '2016-10-24 16:55:31', '', 27.927735179621, 8.5433291055364),
(19, 30, 0, '2016-10-24 16:55:54', '', 19.156994931688, 10.518453890785),
(20, 30, 0, '2016-10-24 16:55:55', '', 22.638115011023, 9.5690575055116),
(21, 30, 0, '2016-10-24 16:55:56', '', 21.185508534506, 8.8427542672532),
(22, 30, 0, '2016-10-24 16:55:58', '', 22.443473890856, 9.4717369454281),
(23, 30, 0, '2016-10-24 16:56:06', '', 21.628481434832, 9.0642407174161),
(24, 30, 0, '2016-10-24 16:56:07', '', 53.169117177699, 1.7254182027295),
(25, 30, 0, '2016-10-24 16:56:21', '', 19.781270902805, 8.650710743088),
(26, 30, 0, '2016-10-24 16:56:22', '', 22.005171259187, 10.36463787226),
(27, 30, 0, '2016-10-24 16:56:23', '', 20.138896380752, 9.431500433043),
(28, 30, 0, '2016-10-24 16:56:24', '', 42.161874512831, 3.4252336697485),
(29, 30, 0, '2016-10-24 16:56:25', '', 19.109138817051, 9.7123434049612),
(30, 30, 0, '2016-10-24 16:56:26', '', 20.794286800274, 10.554917396573),
(31, 30, 0, '2016-10-24 16:56:37', '', 23.948413052645, 7.7511335338252),
(32, 30, 0, '2016-10-24 16:56:40', '', 25.556776655544, 8.5553153352748),
(33, 30, 0, '2016-10-24 16:56:42', '', 18.519759456003, 5.6021057315658),
(34, 30, 0, '2016-10-24 16:56:46', '', 22.185560256598, 10.653958602848),
(35, 30, 0, '2016-10-24 16:56:49', '', 23.998935255689, 8.6366540211756),
(36, 30, 0, '2016-10-24 16:56:50', '', 21.595860630952, 9.0479303154762),
(37, 30, 0, '2016-10-24 16:56:51', '', 22.477873928711, 9.4889369643553),
(38, 30, 0, '2016-10-24 16:56:55', '', 22.246012562743, 9.1147238465247),
(39, 30, 0, '2016-10-24 16:56:56', '', 22.033309381104, 9.2666546905521),
(40, 30, 0, '2016-10-24 16:56:57', '', 21.911764705882, 9.2058823529412),
(41, 30, 0, '2016-10-24 16:56:58', '', 22.124467887521, 9.0539515089138),
(42, 30, 0, '2016-10-24 16:57:02', '', 27.428346227885, 7.9478057572715),
(43, 30, 0, '2016-10-24 16:57:13', '', 18.744372311344, 11.02134410418),
(44, 30, 0, '2016-10-24 16:57:17', '', 25.763979257938, 7.9497151129037),
(45, 30, 0, '2016-10-24 16:57:19', '', 26.503076119245, 8.3192635435572),
(46, 30, 0, '2016-10-24 16:57:28', '', 21.152365789994, 9.301348762287),
(47, 30, 0, '2016-10-24 16:57:30', '', 24.631410786602, 10.565705393301),
(48, 30, 0, '2016-10-24 16:57:33', '', 26.630690340613, 7.807260248482),
(49, 30, 0, '2016-10-24 16:57:36', '', 21.595860630952, 9.0479303154762),
(50, 30, 0, '2016-10-24 16:57:38', '', 30.950621021733, 6.4966320270816),
(51, 30, 0, '2016-10-24 16:57:41', '', 19.78772548487, 11.3261372585),
(52, 30, 0, '2016-10-24 16:57:48', '', 23.032605323389, 8.4052819118647),
(53, 34, 0, '2016-10-24 16:58:42', '', 0, 0),
(54, 34, 0, '2016-10-24 16:58:46', '', -5.9730116244599, 29.201011592676),
(55, 34, 0, '2016-10-24 16:59:23', '', 0, 0),
(56, 34, 0, '2016-10-24 16:59:24', '', -5.7696331480525, 28.830144959227),
(57, 34, 0, '2016-10-24 16:59:25', '', -5.9639466940374, 29.184481425435),
(58, 34, 0, '2016-10-24 16:59:30', '', -5.9244730676649, 28.458773154056),
(59, 34, 0, '2016-10-24 16:59:32', '', 21.353637820721, 9.6045444137707),
(60, 34, 0, '2016-10-24 16:59:36', '', 22.000427734882, 9.4022894853712),
(61, 34, 0, '2016-10-24 16:59:38', '', 18.02684503615, 10.265405899232),
(62, 34, 0, '2016-10-24 16:59:49', '', 21.997416446342, 8.9613545286075),
(63, 34, 0, '2016-10-24 16:59:50', '', 21.493592864332, 9.0862678095954),
(64, 34, 0, '2016-10-24 16:59:53', '', 21.748158776453, 9.0477564314612),
(65, 34, 0, '2016-10-24 17:00:03', '', 21.312386633113, 9.6340095477765),
(66, 34, 0, '2016-10-24 17:00:04', '', 22.105428346314, 8.9754711451729),
(67, 34, 0, '2016-10-24 17:00:05', '', 22.125902435054, 9.1859662803301),
(68, 34, 0, '2016-10-24 17:00:06', '', 22.170254930667, 8.8304709730841),
(69, 34, 0, '2016-10-24 17:00:17', '', 21.767049767984, 9.2856036613858),
(70, 34, 0, '2016-10-24 17:00:20', '', 24.596046942737, 8.3595540453226),
(71, 34, 0, '2016-10-24 17:00:22', '', 23.216811560538, 8.9288271861963),
(72, 34, 0, '2016-10-24 17:00:24', '', 20.767193091481, 9.7644838853815),
(73, 34, 0, '2016-10-24 17:00:29', '', 21.819436405436, 9.0733581452417),
(74, 34, 0, '2016-10-24 17:00:31', '', 21.478542514041, 9.0475653763513),
(75, 34, 0, '2016-10-24 17:00:32', '', 21.55253102248, 8.9947164417517),
(76, 34, 0, '2016-10-24 17:00:36', '', 21.690647939953, 9.1296801337665),
(77, 34, 0, '2016-10-24 17:00:37', '', 21.771429483634, 9.1076488036716),
(78, 34, 0, '2016-10-24 17:00:39', '', 21.686147891249, 9.1685642268034),
(79, 34, 0, '2016-10-24 17:00:43', '', 21.567612545363, 8.9294173777707),
(80, 34, 0, '2016-10-24 17:00:58', '', 21.339369417725, 9.1231784823735),
(81, 34, 0, '2016-10-24 17:00:59', '', 30.228537654673, 7.0037739181219),
(82, 34, 0, '2016-10-24 17:01:03', '', 21.495804449029, 9.1358146076287),
(83, 34, 0, '2016-10-24 17:01:11', '', 21.893737166608, 9.2382499658991),
(84, 34, 0, '2016-10-24 17:01:12', '', 21.423723355983, 8.9277527794079),
(85, 34, 0, '2016-10-24 17:01:13', '', 21.244490917343, 8.9766343535824),
(86, 34, 0, '2016-10-24 17:01:14', '', 21.824415886233, 9.008536499546),
(87, 34, 0, '2016-10-24 17:01:15', '', 21.627562832854, 9.0693310118255),
(88, 34, 0, '2016-10-24 17:01:16', '', 22.396549782338, 8.8596072983299),
(89, 34, 0, '2016-10-24 17:01:32', '', 18.173251515298, 7.7911670256517),
(90, 34, 0, '2016-10-24 17:01:40', '', 22.005921482529, 8.8752891862124),
(91, 34, 0, '2016-10-24 17:01:41', '', 21.307910908964, 9.6875150550909),
(92, 34, 0, '2016-10-24 17:01:43', '', 21.645861740134, 9.3602845646304),
(93, 34, 0, '2016-10-24 17:01:46', '', 22.154985266683, 8.9818448194472),
(94, 34, 0, '2016-10-24 17:01:47', '', 21.606097288291, 9.3739076611555),
(95, 34, 0, '2016-10-24 17:01:48', '', 23.415808815742, 8.8418648455965),
(96, 34, 0, '2016-10-24 17:02:08', '', 21.193198706887, 9.5033314636225),
(97, 34, 0, '2016-10-24 17:02:16', '', 19.819463586155, 10.714061984484),
(98, 34, 0, '2016-10-24 17:02:29', '', 19.610031848139, 10.574989951686),
(99, 34, 0, '2016-10-24 17:02:30', '', 19.872408662794, 10.706178359013),
(100, 34, 0, '2016-10-24 17:02:36', '', 20.134128863849, 10.439952467573),
(101, 34, 0, '2016-10-24 17:02:40', '', 20.730772353104, 10.328524371233),
(102, 34, 0, '2016-10-24 17:02:45', '', 21.557936076112, 9.1348021352544),
(103, 34, 0, '2016-10-24 17:02:46', '', 22.291281705502, 8.9347987817843),
(104, 34, 0, '2016-10-24 17:02:47', '', 22.282775718481, 9.3913878592405),
(105, 35, 0, '2016-10-24 17:22:25', '', 0, 0),
(106, 35, 0, '2016-10-24 17:22:27', '', 8.7152410133431, 1.513719142237),
(107, 35, 0, '2016-10-24 17:22:34', '', 22.439170126494, 9.40741871488),
(108, 35, 0, '2016-10-24 17:22:36', '', 25.228539317752, 8.8333008015742),
(109, 35, 0, '2016-10-24 17:23:02', '', 22.329987631569, 9.5010037105292),
(110, 35, 0, '2016-10-24 17:23:02', '', 19.617850462788, 10.375475108335),
(111, 35, 0, '2016-10-24 17:23:10', '', 18.803778358214, 10.88247569296),
(112, 35, 0, '2016-10-24 17:23:13', '', 18.959753350962, 10.835683195135),
(113, 35, 0, '2016-10-24 17:23:19', '', 13.723140403241, 15.237308225794),
(114, 35, 0, '2016-10-24 17:23:22', '', 13.957075273857, 15.47124309641),
(115, 35, 0, '2016-10-24 17:23:24', '', 19.198172804267, 10.44054815872),
(116, 35, 0, '2016-10-24 17:23:25', '', 18.857028079033, 10.732957923206),
(117, 35, 0, '2016-10-24 17:23:26', '', 18.959753350962, 10.835683195135),
(118, 35, 0, '2016-10-24 17:23:43', '', 19.124643627932, 10.420273272741),
(119, 35, 0, '2016-10-24 17:23:44', '', 19.536144108968, 10.536144108968),
(120, 35, 0, '2016-10-24 17:23:47', '', 18.564989604987, 10.954112318928),
(121, 35, 0, '2016-10-24 17:23:50', '', 18.770068629881, 11.159191343821),
(122, 35, 0, '2016-10-24 17:23:54', '', 18.712609685354, 10.960620269696),
(123, 35, 0, '2016-10-24 17:23:55', '', 19.423687672984, 10.423687672984),
(124, 35, 0, '2016-10-24 17:23:56', '', 19.184898919757, 10.495324298952),
(125, 35, 0, '2016-10-24 17:23:58', '', 19.004860181609, 10.760428405829),
(126, 35, 0, '2016-10-24 17:24:03', '', 19.527394911715, 10.312541494309),
(127, 35, 0, '2016-10-24 17:24:05', '', 19.335721155636, 10.476833285234),
(128, 35, 0, '2016-10-24 17:24:11', '', 19.023173047103, 10.656948022256),
(129, 35, 0, '2016-10-24 17:24:17', '', 18.638504471896, 9.564521771857),
(130, 35, 0, '2016-10-24 17:24:19', '', 18.432390650258, 9.7037156816058),
(131, 35, 0, '2016-10-24 17:24:28', '', 19.302813960382, 10.270896686328),
(132, 35, 0, '2016-10-24 17:24:34', '', 18.932690090918, 9.9781686223631),
(133, 35, 0, '2016-10-24 17:24:35', '', 19.21225367668, 10.157078499886),
(134, 35, 0, '2016-10-24 17:25:09', '', 0, 0),
(135, 35, 0, '2016-10-24 17:25:10', '', 6.3938733529319, 5.6777876436483),
(136, 35, 0, '2016-10-24 17:25:12', '', 9.1785007386266, 0.85137606162561),
(137, 35, 0, '2016-10-24 17:25:13', '', 18.618088828136, 10.290964151135),
(138, 35, 0, '2016-10-24 17:25:17', '', 19.389264880352, 10.30182302649),
(139, 35, 0, '2016-10-24 17:25:28', '', 18.761949067377, 10.728998918767),
(140, 35, 0, '2016-10-24 17:25:32', '', 19.420913410062, 10.281728216847),
(141, 35, 0, '2016-10-24 17:25:33', '', 19.173989025127, 10.173989025127),
(142, 35, 0, '2016-10-24 17:25:36', '', 19.34438331847, 9.4135653281042),
(143, 35, 0, '2016-10-24 17:25:42', '', 15.829080536297, 11.975747228931),
(144, 35, 0, '2016-10-24 17:25:43', '', 18.67634605596, 9.5352339263621),
(145, 35, 0, '2016-10-24 17:25:45', '', 18.671285333827, 10.28574142845),
(146, 35, 0, '2016-10-24 17:25:46', '', 19.631293475629, 9.9977389859092),
(147, 35, 0, '2016-10-24 17:25:53', '', 19.21660470296, 10.21660470296),
(148, 35, 0, '2016-10-24 17:25:54', '', 19.291579144437, 10.194112370517),
(149, 35, 0, '2016-10-24 17:25:55', '', 19.154469143419, 10.235245370822),
(150, 35, 0, '2016-10-24 17:25:57', '', 25.912427165907, 10.192284772209),
(151, 35, 0, '2016-10-24 17:26:00', '', 18.691215067633, 9.949713840717),
(152, 35, 0, '2016-10-24 17:26:01', '', 19.020301238925, 9.8509879893293),
(153, 35, 10, '2016-10-24 17:26:08', '', 15.311823977016, 6.3118239770162),
(154, 32, 0, '2016-10-24 17:44:10', '', 0, 0),
(155, 32, 0, '2016-10-24 17:44:11', '', -31.443542578689, 62.875160093654),
(156, 32, 0, '2016-10-24 17:44:27', '', -29.963599079162, 60.863114674822),
(157, 32, 0, '2016-10-24 17:44:29', '', -30.359294309351, 61.399386488748),
(158, 32, 0, '2016-10-24 17:44:30', '', -29.978189129296, 60.895344153836),
(159, 32, 0, '2016-10-24 17:44:33', '', -31.171634009749, 62.47377125379),
(160, 32, 0, '2016-10-24 17:45:13', '', -30.047792655896, 60.987400430953),
(161, 32, 0, '2016-10-24 17:45:15', '', -31.486556653997, 62.890281847797),
(162, 32, 0, '2016-10-24 17:45:17', '', -27.426974736066, 56.897565683232),
(163, 32, 0, '2016-10-24 17:45:18', '', 18.57664759686, 10.327423137697),
(164, 32, 0, '2016-10-24 17:45:39', '', 20.377107266334, 9.8517215781904),
(165, 32, 0, '2016-10-24 17:45:41', '', 20.311817701209, 10.45572104208),
(166, 32, 0, '2016-10-24 17:45:45', '', 20.515038925743, 10.426481009904),
(167, 32, 0, '2016-10-24 17:45:47', '', 12.726330544949, 2.7263305449493),
(168, 32, 0, '2016-10-24 17:46:06', '', 20.803477001545, 10.318183492799),
(169, 32, 0, '2016-10-24 17:46:08', '', 20.205028037108, 10.348931377979),
(170, 32, 0, '2016-10-24 17:46:09', '', 20.830038108203, 10.393210335899),
(171, 32, 0, '2016-10-24 17:46:11', '', 19.612232385533, 11.310542814052),
(172, 32, 0, '2016-10-24 17:46:13', '', 21.938469235827, 11.185255277873),
(173, 32, 0, '2016-10-24 17:46:15', '', 20.721471220562, 10.464784006954),
(174, 32, 0, '2016-10-24 17:46:57', '', 20.260093286546, 10.264532962864),
(175, 32, 0, '2016-10-24 17:47:01', '', 20.538808644085, 10.480341720347),
(176, 32, 0, '2016-10-24 17:47:04', '', 20.503960100473, 10.395555495187),
(177, 32, 0, '2016-10-24 17:47:12', '', 20.672956330954, 10.415601584885),
(178, 32, 0, '2016-10-24 17:47:13', '', 19.87896606994, 9.6216113238712),
(179, 32, 0, '2016-10-24 17:47:19', '', 21.336606825334, 10.49699909429),
(180, 32, 0, '2016-10-24 17:47:37', '', 20.16299183825, 10.817857797317),
(181, 32, 0, '2016-10-24 17:47:39', '', 20.834599066648, 10.689173853976),
(182, 32, 0, '2016-10-24 17:48:00', '', 20.113963675004, 10.550793974879),
(183, 32, 0, '2016-10-24 17:48:02', '', 25.169201819078, 10.732058709371),
(184, 32, 0, '2016-10-24 17:48:26', '', 19.893667448518, 10.771090201364),
(185, 32, 0, '2016-10-24 17:48:29', '', 20.526165470642, 10.681264734492),
(186, 30, 0, '2016-10-24 18:18:04', '', 0, 0),
(187, 30, 0, '2016-10-24 18:18:05', '', -36.552635723465, 69.640489496614),
(188, 30, 0, '2016-10-24 18:18:08', '', -39.335731166336, 73.055057525142),
(189, 30, 0, '2016-10-24 18:18:09', '', 19.588074254861, 10.958584810606),
(190, 30, 0, '2016-10-24 18:18:11', '', 19.762654471421, 11.310542814052),
(191, 30, 0, '2016-10-24 18:18:12', '', 19.595033296362, 11.142921638993),
(192, 30, 0, '2016-10-24 18:18:14', '', 20.26808565666, 11.185255277873),
(193, 29, 0, '2016-10-24 18:18:16', '', 0, 0),
(194, 30, 0, '2016-10-24 18:18:33', '', 19.98956712842, 10.951952807228),
(195, 30, 0, '2016-10-24 18:18:51', '', 21.231904312533, 10.208688140438),
(196, 29, 0, '2016-10-24 18:21:38', '', 0, 0),
(197, 29, 0, '2016-10-24 18:21:43', '', -30.323566469058, 61.323566469058),
(198, 29, 0, '2016-10-24 18:21:58', '', -31.300585030735, 62.615752308695),
(199, 29, 0, '2016-10-24 18:22:01', '', -28.302556543562, 58.340170864754),
(200, 29, 0, '2016-10-24 18:23:07', '', 0, 0),
(201, 29, 0, '2016-10-24 18:23:15', '', -33.057784593987, 64.057784593987),
(202, 29, 0, '2016-10-24 18:23:20', '', 22.106626956369, 10.871831437629),
(203, 36, 0, '2016-10-24 18:32:17', '', 0, 0),
(204, 36, 0, '2016-10-24 18:32:22', '', 8.0433934144006, 10.608734983141),
(205, 36, 0, '2016-10-24 18:32:24', '', 21.477234735884, 10.728428385278),
(206, 36, 0, '2016-10-24 18:32:30', '', 19.964536495555, 10.279703773515),
(207, 36, 0, '2016-10-24 18:32:34', '', 20.229334685054, 10.90014558587),
(208, 36, 0, '2016-10-24 18:32:38', '', 20.032618298826, 10.659465979313),
(209, 36, 0, '2016-10-24 18:32:39', '', 19.730856753267, 11.446521033618),
(210, 36, 0, '2016-10-24 18:32:40', '', 19.750288696906, 11.249711303094),
(211, 36, 0, '2016-10-24 18:32:41', '', 20.024912586554, 11.10399946389),
(212, 36, 0, '2016-10-24 18:32:48', '', 19.717810363152, 9.9252405682861),
(213, 36, 0, '2016-10-24 18:32:50', '', 19.865766233196, 11.496763235788),
(214, 36, 0, '2016-10-24 18:32:52', '', 20.053959415087, 10.5),
(215, 36, 0, '2016-10-24 18:33:04', '', 18.083913758766, 12.985174287215),
(216, 36, 0, '2016-10-24 18:33:05', '', 17.027891855917, 13.972108144083),
(217, 36, 0, '2016-10-24 18:33:15', '', 20.207821580184, 10.963581311115),
(218, 36, 0, '2016-10-24 18:33:21', '', 20.017448951672, 10.922158823385),
(219, 36, 0, '2016-10-24 18:33:28', '', 20.241655066447, 10.827432979534),
(220, 36, 0, '2016-10-24 18:33:29', '', 20.068179947844, 10.65395786093),
(221, 36, 0, '2016-10-24 18:33:31', '', 20.292472109174, 10.817857797317),
(222, 36, 0, '2016-10-24 18:33:33', '', 9.778663402747, 21.17159672787),
(223, 36, 0, '2016-10-24 18:33:44', '', 20.63694563903, 11.380608514288),
(224, 36, 0, '2016-10-24 18:33:49', '', 19.549040246066, 9.7352954735828),
(225, 36, 0, '2016-10-24 18:33:52', '', 18.60495153639, 12.920434151753),
(226, 36, 11, '2016-10-24 18:33:54', '', 20.350473639377, 10.520046089699),
(227, 29, 0, '2016-10-24 18:38:31', '', 19.124713902907, 11.248438416606),
(228, 0, 0, '2016-09-22 16:58:32', '', 1.5454545454545, 1.5378787878788),
(229, 23, 6, '2016-10-09 11:14:40', '', 9.8519581675782, 22.087650149901),
(230, 3, 4, '2016-09-22 17:17:54', '', 6.5, 12.5),
(231, 7, 1, '2016-10-09 12:19:05', '', 3.2672278412562, 6.7587586770636),
(232, 28, 4, '2016-10-09 12:55:24', '', 6.1081737112534, 13.242712566522),
(233, 37, 0, '2016-10-30 12:21:44', '', 0, 0),
(234, 37, 0, '2016-10-30 12:21:46', '', 13.073385765368, -8.5515464473103),
(235, 37, 0, '2016-10-30 12:21:49', '', 21.989595862492, 19.37589081294),
(236, 37, 0, '2016-10-30 12:21:51', '', 10.616224970012, 6.5433442432595),
(237, 37, 0, '2016-10-30 12:23:19', '', 13.584674123086, 15.03164322799),
(238, 37, 0, '2016-10-30 12:23:23', '', 8.1707361674617, 7.7275885502855),
(239, 37, 0, '2016-10-30 12:23:25', '', 8.2857508648402, 7.8000512107763),
(240, 37, 0, '2016-10-30 12:23:27', '', 6.3732142441853, -4.8615812745542),
(241, 37, 0, '2016-10-30 12:23:30', '', 7.0896704599187, -1.4595984961973),
(242, 37, 0, '2016-10-30 12:24:07', '', 0, 0),
(243, 37, 0, '2016-10-30 12:24:08', '', -25.383016503911, 53.455136078708),
(244, 37, 0, '2016-10-30 12:24:09', '', 13.591231357249, 4.2951473641405),
(245, 37, 0, '2016-10-30 12:24:10', '', 13.849406103084, 4.2862364029596),
(246, 37, 0, '2016-10-30 12:24:18', '', 13.073425760742, 1.3572087086183),
(247, 37, 0, '2016-10-30 12:24:22', '', 6.6758262930041, 8.0375109382281),
(248, 37, 0, '2016-10-30 12:24:30', '', 0, 0),
(249, 37, 0, '2016-10-30 12:24:37', '', 10.104509506244, 1.9454051159656),
(250, 37, 0, '2016-10-30 12:25:14', '', 0, 0),
(251, 37, 0, '2016-10-30 12:25:46', '', 9.8834853415556, 4.5535575438532),
(252, 37, 0, '2016-10-30 12:26:07', '', 0, 0),
(253, 37, 0, '2016-10-30 12:26:13', '', -44.596033362729, 82.11518284306),
(254, 37, 0, '2016-10-30 12:26:14', '', -23.612215403754, 55.135988324378),
(255, 37, 0, '2016-10-30 12:26:19', '', 11.015201048526, 11.884500655329),
(256, 37, 0, '2016-10-30 12:27:04', '', 0, 0),
(257, 37, 0, '2016-10-30 12:27:07', '', 7.2691255826619, 4.5275838570291),
(258, 37, 0, '2016-10-30 12:27:08', '', 7.3532378612365, -2.6467621387635),
(259, 37, 0, '2016-10-30 12:27:10', '', 7.3816109818507, -4.65744625409),
(260, 37, 0, '2016-10-30 12:27:13', '', 7.4245497117115, -2.7208755009603),
(261, 37, 0, '2016-10-30 12:27:14', '', 8.0392758652592, -2.9345220524346),
(262, 37, 0, '2016-10-30 12:27:15', '', 7.8057420085664, -2.4856816698424),
(263, 37, 0, '2016-10-30 12:28:25', '', 0, 0),
(264, 37, 0, '2016-10-30 12:28:27', '', 9.5515067537742, 4.2298819651449),
(265, 37, 0, '2016-10-30 12:28:29', '', 8.3455953840574, -1.9214903229583),
(266, 37, 0, '2016-10-30 12:28:31', '', 8.6408730900093, -1.1416569437079),
(267, 37, 0, '2016-10-30 12:28:37', '', 6.0574250979756, -7.3327121616464),
(268, 37, 0, '2016-10-30 12:28:40', '', 7.6118116181327, -2.3546149474871),
(269, 37, 0, '2016-10-30 12:28:43', '', 7.5297371821719, -2.3413507673844),
(270, 37, 0, '2016-10-30 12:28:45', '', 7.4850659604736, -2.7662869741745),
(271, 37, 0, '2016-10-30 12:28:57', '', 7.6448510706902, -2.0399816513495),
(272, 37, 0, '2016-10-30 12:28:58', '', 7.5429105411034, -3.1263784879116),
(273, 37, 0, '2016-10-30 12:29:06', '', 0, 0),
(274, 37, 0, '2016-10-30 12:29:07', '', 10.349952245429, 1.253857859885),
(275, 37, 0, '2016-10-30 12:29:09', '', 7.6790634784762, -1.1405126559528),
(276, 37, 0, '2016-10-30 12:29:10', '', 7.5856989697488, -2.4476157781362),
(277, 37, 0, '2016-10-30 12:29:11', '', 7.5982216635033, -2.2722980655728),
(278, 37, 0, '2016-10-30 12:29:13', '', 7.6752363763549, -2.3648558030424),
(279, 37, 0, '2016-10-30 12:29:16', '', 7.4841472744893, -1.0189758922982),
(280, 37, 0, '2016-10-30 12:29:17', '', 7.8111390484874, -2.3623676974673),
(281, 37, 0, '2016-10-30 12:29:18', '', 9.6892623158761, 4.7271147790514),
(282, 37, 0, '2016-10-30 12:29:20', '', 7.6889839514373, -1.6071000416716),
(283, 37, 0, '2016-10-30 12:29:23', '', 7.7694747324, -2.3809473534886),
(284, 37, 0, '2016-10-30 12:29:24', '', 8.0900702276768, 2.107389580386),
(285, 37, 0, '2016-10-30 12:29:44', '', 7.5225672347787, -2.6840587130986),
(286, 37, 0, '2016-10-30 12:29:54', '', 0, 0),
(287, 37, 0, '2016-10-30 12:29:57', '', 13.258513416499, 3.5810842726886),
(288, 37, 0, '2016-10-30 12:29:59', '', 13.993213891758, 10.720296226485),
(289, 37, 0, '2016-10-30 12:30:05', '', 9.2097754298223, 22.247081340734),
(290, 37, 0, '2016-10-30 12:34:53', '', 0, 0),
(291, 37, 0, '2016-10-30 12:34:54', '', 9.5932459189326, 4.6626890775979),
(292, 37, 0, '2016-10-30 12:35:23', '', 9.4202428681673, 3.5461829157387),
(293, 37, 0, '2016-10-30 12:35:24', '', -0.23867487073463, -8.0445183709436),
(294, 37, 0, '2016-10-30 12:35:28', '', 7.605580867387, -2.2489939199412),
(295, 37, 0, '2016-10-30 12:38:56', '', 0, 0),
(296, 37, 0, '2016-10-30 12:38:56', '', 9.5964678533656, 4.3401416943355),
(297, 37, 0, '2016-10-30 12:39:16', '', -7.3236714222974, 0.42270536106411),
(298, 37, 0, '2016-10-30 12:39:21', '', 8.5214875058742, 11.902077995966),
(299, 37, 0, '2016-10-30 12:39:39', '', 7.1615196904828, 11.210899211053),
(300, 37, 0, '2016-10-30 12:39:48', '', 6.3444236859553, 10.542203233983),
(301, 37, 0, '2016-10-30 12:39:53', '', 8.2458621234888, 7.4420697288425),
(302, 37, 0, '2016-10-30 12:40:00', '', 6.5472485957138, 7.8658218575229),
(303, 37, 0, '2016-10-30 12:40:02', '', 6.091034112512, 1.4788190926973),
(304, 37, 0, '2016-10-30 12:40:12', '', 0, 0),
(305, 37, 0, '2016-10-30 12:40:13', '', 9.7287426690879, 4.524678639564),
(306, 37, 0, '2016-10-30 12:40:20', '', 8.1846879703746, -1.992689816511),
(307, 37, 0, '2016-10-30 12:40:36', '', 8.2879220812527, 6.9977793981513),
(308, 37, 0, '2016-10-30 12:40:38', '', 9.7939227687722, -0.8329249117148),
(309, 37, 0, '2016-10-30 12:40:39', '', 10.795952644805, 13.195493352748),
(310, 37, 0, '2016-10-30 12:40:43', '', 7.2634745495842, -3.1771179033863),
(311, 37, 0, '2016-10-30 12:40:44', '', 7.8953736563037, -2.9088518110689),
(312, 37, 0, '2016-10-30 12:40:46', '', 7.1473543514764, -3.5499253151021),
(313, 37, 0, '2016-10-30 12:40:48', '', 7.2437293793067, -3.4535502872718),
(314, 37, 0, '2016-10-30 12:40:49', '', 7.2569303785502, -2.9165763674045),
(315, 37, 0, '2016-10-30 12:40:54', '', 7.745007834349, -1.2264088024127),
(316, 37, 0, '2016-10-30 12:41:09', '', 9.3281689532962, 21.818869026895),
(317, 37, 0, '2016-10-30 12:41:10', '', 9.3834836746654, 21.556124100392),
(318, 37, 0, '2016-10-30 12:41:13', '', 20.963283009989, 10.817857797317),
(319, 37, 0, '2016-10-30 12:41:21', '', 9.3278142874158, 21.594960912169),
(320, 37, 0, '2016-10-30 12:41:21', '', 11.492954939651, 11.310542814052),
(321, 37, 0, '2016-10-30 12:41:29', '', 9.3367672032505, 21.552434561954),
(322, 37, 0, '2016-10-30 12:41:34', '', 10.246473672817, 21.646357977003),
(323, 37, 0, '2016-10-30 12:41:47', '', 9.331130278708, 21.64138479026),
(324, 37, 0, '2016-10-30 12:41:55', '', 9.6062899503764, 21.433802229021),
(325, 37, 0, '2016-10-30 12:41:56', '', 9.5328064639333, 20.68605272876),
(326, 37, 0, '2016-10-30 12:41:57', '', 9.5144187525695, 21.715464203081),
(327, 37, 0, '2016-10-30 12:42:01', '', 7.6917630418334, -1.8548960236343),
(328, 37, 0, '2016-10-30 12:42:02', '', 9.1356016125491, 20.785311510115),
(329, 37, 0, '2016-10-30 12:42:03', '', 7.8024556087155, -1.0862085716944),
(330, 37, 0, '2016-10-30 12:42:15', '', 7.4917454480598, -2.4681623725428),
(331, 37, 0, '2016-10-30 12:42:16', '', 7.8662831087113, -2.0936247118914),
(332, 37, 0, '2016-10-30 12:42:18', '', 20.353302356346, 10.242972449855),
(333, 37, 0, '2016-10-30 12:42:20', '', 9.3404640684273, 21.255810737773),
(334, 37, 0, '2016-10-30 12:42:22', '', 20.253858445181, 10.34241636102),
(335, 37, 0, '2016-10-30 12:42:26', '', 19.397722503401, 11.335191789584),
(336, 37, 11, '2016-10-30 12:42:27', '', 19.397722503401, 11.335191789584),
(337, 38, 0, '2016-10-31 09:18:38', '', 0, 0),
(338, 38, 0, '2016-10-31 09:18:44', '', 7.1249335357594, 6.1727169774914),
(339, 38, 0, '2016-10-31 09:18:45', '', -15.494524420457, -25.494524420457),
(340, 38, 0, '2016-10-31 09:19:08', '', -15.498954816814, -25.50154522665),
(341, 38, 0, '2016-10-31 09:19:10', '', 7.5388274484686, -2.4627367251715),
(342, 38, 0, '2016-10-31 09:19:12', '', 7.5399160829457, -2.4592893826606),
(343, 38, 0, '2016-10-31 09:19:15', '', 7.5391565986495, -2.4626845516336),
(344, 38, 0, '2016-10-31 09:19:29', '', -15.507257516201, -25.508635513052),
(345, 38, 0, '2016-10-31 09:19:30', '', -15.507257516201, -25.508635513052),
(346, 38, 0, '2016-10-31 09:19:30', '', 8.2698874489438, 7.7778585911325),
(347, 38, 0, '2016-10-31 09:23:16', '', 0, 0),
(348, 38, 0, '2016-10-31 09:23:29', '', 12.980868816889, 4.1367974532981),
(349, 38, 0, '2016-10-31 09:23:29', '', 14.499093588939, -3.1259525115094),
(350, 38, 0, '2016-10-31 09:23:29', '', 14.500906411061, 0),
(351, 38, 0, '2016-10-31 09:23:29', '', 9.2789131556056, 21.721086844394),
(352, 38, 0, '2016-10-31 09:26:43', '', 0, 0),
(353, 38, 0, '2016-10-31 09:26:44', '', 8.0489528145488, 4.794265356283),
(354, 38, 0, '2016-10-31 09:26:47', '', 7.6534392484474, -2.3606380552675),
(355, 38, 0, '2016-10-31 09:27:00', '', 7.531949846335, -2.4841536601813),
(356, 38, 0, '2016-10-31 09:27:02', '', 9.8837347978714, 4.9631653530172),
(357, 38, 0, '2016-10-31 09:27:11', '', 9.8818353176926, 4.956788194038),
(358, 38, 0, '2016-10-31 09:27:11', '', 9.8820402768659, 4.9612477787115),
(359, 38, 0, '2016-10-31 09:27:12', '', 9.8791773332079, 4.952181790461),
(360, 38, 0, '2016-10-31 09:27:14', '', 7.5385677140984, -2.451330590806),
(361, 38, 0, '2016-10-31 09:30:40', '', 0, 0),
(362, 38, 0, '2016-10-31 09:30:40', '', 17.737263098263, -25.158046266754),
(363, 38, 0, '2016-10-31 09:30:42', '', 17.736719544163, -25.157036809139),
(364, 38, 0, '2016-10-31 09:30:43', '', 17.752332450035, -25.21463674208),
(365, 38, 0, '2016-10-31 09:31:05', '', 17.735593631582, -25.151823709123),
(366, 38, 0, '2016-10-31 09:31:08', '', 17.73611160786, -25.152821661549),
(367, 38, 0, '2016-10-31 09:31:14', '', 12.327867732068, 12.704914484882),
(368, 38, 0, '2016-10-31 09:31:16', '', 12.327867586567, 12.704908178565),
(369, 38, 0, '2016-10-31 09:31:18', '', 12.914625384205, 8.5975593167217),
(370, 38, 0, '2016-10-31 09:31:22', '', 12.914629734418, 8.597562931734),
(371, 38, 0, '2016-10-31 09:31:29', '', 12.91462581193, 8.5975563226519),
(372, 38, 0, '2016-10-31 09:31:37', '', 12.914631009836, 8.5975653944534),
(373, 38, 0, '2016-10-31 09:31:39', '', 12.914632757239, 8.5975593086865),
(374, 38, 0, '2016-10-31 09:31:40', '', 12.914632187079, 8.5975632998059),
(375, 38, 0, '2016-10-31 09:31:48', '', 12.914631293808, 8.5975622278807),
(376, 38, 0, '2016-10-31 09:36:55', '', 0, 0),
(377, 38, 0, '2016-10-31 09:36:58', '', 8.0744835930085, 4.7704898433922),
(378, 38, 0, '2016-10-31 09:37:02', '', 8.2745420545471, 7.784358876366),
(379, 38, 0, '2016-10-31 09:37:04', '', -15.492478792226, -25.489470309117),
(380, 38, 0, '2016-10-31 09:37:06', '', -15.494756756724, -25.495667942523),
(381, 38, 0, '2016-10-31 09:37:15', '', 7.5448142277946, -2.4536502385214),
(382, 38, 0, '2016-10-31 09:37:18', '', 9.8813593800575, 4.957634239968),
(383, 38, 0, '2016-10-31 09:37:21', '', 7.2631671337987, 9.5394721443669),
(384, 38, 0, '2016-10-31 09:37:24', '', 12.914630121936, 8.5975598894164),
(385, 38, 0, '2016-10-31 09:37:27', '', 9.8813596767715, 4.9576293339974),
(386, 38, 0, '2016-10-31 09:37:28', '', 9.8813589045246, 4.9576306854295),
(387, 38, 0, '2016-10-31 09:37:31', '', 12.914631295542, 8.5975575546503),
(388, 38, 0, '2016-10-31 09:37:39', '', 7.5384601861867, -2.4615427437422),
(389, 38, 0, '2016-10-31 09:37:39', '', 9.8813482388174, 4.9576052878127),
(390, 38, 0, '2016-10-31 09:37:41', '', 12.327868719064, 12.704911371881),
(391, 38, 0, '2016-10-31 09:37:52', '', 8.2698442405499, 7.7777819367698),
(392, 38, 0, '2016-10-31 09:37:54', '', 7.2631614917817, 9.5394730847031),
(393, 38, 0, '2016-10-31 09:37:56', '', 7.2631555816351, 9.5394740697275),
(394, 38, 0, '2016-10-31 09:37:59', '', 12.914632684645, 8.5975592215736),
(395, 38, 0, '2016-10-31 09:38:03', '', 12.914628727462, 8.5975626556049),
(396, 38, 0, '2016-10-31 09:38:04', '', 9.2872258776137, 9.202127799594),
(397, 38, 0, '2016-10-31 09:38:12', '', 7.2631531836052, 9.5394725709588),
(398, 38, 0, '2016-10-31 09:38:12', '', 7.2631593666606, 9.5394734388899),
(399, 38, 0, '2016-10-31 09:38:12', '', 8.4485927099575, 10.280370443723),
(400, 38, 0, '2016-10-31 09:38:13', '', 7.2631529733566, 9.5394706083479),
(401, 38, 0, '2016-10-31 09:38:16', '', 7.2631578947368, 9.5394736842105),
(402, 38, 0, '2016-10-31 09:38:18', '', 12.327866245149, 12.704917568491),
(403, 38, 0, '2016-10-31 09:38:23', '', 7.2631585853892, 9.5394724755688),
(404, 38, 0, '2016-10-31 09:38:36', '', 7.2631614386178, 9.5394730935637),
(405, 38, 0, '2016-10-31 09:38:37', '', 7.2631614386178, 9.5394730935637),
(406, 38, 0, '2016-10-31 09:38:38', '', 7.263160674909, 9.5394726162457),
(407, 38, 0, '2016-10-31 09:38:38', '', 12.914623302047, 8.597562669538),
(408, 38, 0, '2016-10-31 09:38:38', '', 12.914627435282, 8.5975622810827),
(409, 38, 0, '2016-10-31 09:38:39', '', 12.91462359374, 8.5975624301909),
(410, 38, 0, '2016-10-31 09:38:39', '', 12.914623521865, 8.5975629333188),
(411, 38, 0, '2016-10-31 09:38:40', '', 12.914627165762, 8.5975619576598),
(412, 38, 0, '2016-10-31 09:38:43', '', 7.2631557066676, 9.5394760465411),
(413, 38, 0, '2016-10-31 09:38:43', '', 12.914627165762, 8.5975619576598),
(414, 38, 0, '2016-10-31 09:38:44', '', 7.2631583194916, 9.5394729408896),
(415, 38, 0, '2016-10-31 09:38:45', '', 7.2631578947368, 9.5394736842105),
(416, 38, 0, '2016-10-31 09:38:55', '', 7.2631785869679, 9.5394689697265),
(417, 38, 0, '2016-10-31 09:38:56', '', 12.914627914968, 8.5975607483932),
(418, 38, 0, '2016-10-31 09:38:58', '', 7.2631803779637, 9.5394696328203),
(419, 38, 0, '2016-10-31 09:39:02', '', 7.2631793864072, 9.5394713680443),
(420, 38, 0, '2016-10-31 09:39:04', '', 7.2631738474309, 9.5394679061841),
(421, 38, 0, '2016-10-31 09:39:51', '', 7.2631738474309, 9.5394679061841),
(422, 38, 0, '2016-10-31 09:39:51', '', 8.269827545494, 7.7777924376534),
(423, 38, 0, '2016-10-31 09:39:52', '', 7.2631571521083, 9.5394713213994),
(424, 38, 0, '2016-10-31 09:39:59', '', 12.914629734418, 8.597562931734),
(425, 38, 0, '2016-10-31 09:42:34', '', 0, 0),
(426, 38, 0, '2016-10-31 09:42:35', '', 17.738656256119, -25.166233086927),
(427, 38, 0, '2016-10-31 09:42:37', '', 12.645547192828, 10.498585812807),
(428, 38, 0, '2016-10-31 09:43:00', '', 12.647474264659, 10.5004555929),
(429, 38, 0, '2016-10-31 09:43:00', '', 12.652025157509, 10.500632100373),
(430, 38, 0, '2016-10-31 09:43:00', '', 12.645111956142, 10.5),
(431, 38, 0, '2016-10-31 09:43:00', '', 12.647864772859, 10.5),
(432, 38, 0, '2016-10-31 09:43:01', '', 20.502831975636, 10.501087693273),
(433, 38, 0, '2016-10-31 09:43:01', '', 20.498495758445, 10.501504241555),
(434, 38, 0, '2016-10-31 09:43:04', '', 20.499823492526, 10.501087693273),
(435, 38, 0, '2016-10-31 09:43:06', '', 20.497863658072, 10.499127858818),
(436, 38, 0, '2016-10-31 09:43:09', '', 20.502376382736, 10.500632100373),
(437, 38, 0, '2016-10-31 09:43:12', '', 20.498495758445, 10.498495758445),
(438, 38, 0, '2016-10-31 09:43:13', '', 12.644721447943, 10.5004555929),
(439, 38, 0, '2016-10-31 09:43:17', '', 20.499577732164, 10.496284177183),
(440, 38, 0, '2016-10-31 09:43:18', '', 12.642508101082, 10.499767409703),
(441, 38, 0, '2016-10-31 09:43:19', '', -34.499110341905, 65.499105537794),
(442, 38, 0, '2016-10-31 09:43:56', '', 20.499996257179, 10.499996160955),
(443, 38, 0, '2016-10-31 09:43:56', '', 20.499996072988, 10.499996160955),
(444, 38, 0, '2016-10-31 09:44:04', '', 20.500321494165, 10.499840432082),
(445, 38, 0, '2016-10-31 09:44:08', '', 20.496920025727, 10.502518918672),
(446, 38, 0, '2016-10-31 09:44:08', '', 20.499510435563, 10.502518918672),
(447, 38, 0, '2016-10-31 09:44:08', '', 20.501961440837, 10.499602732803),
(448, 38, 0, '2016-10-31 09:44:08', '', 12.642974769214, 10.5),
(449, 38, 0, '2016-10-31 09:44:11', '', 7.5383545991685, -2.4618771026329),
(450, 38, 0, '2016-10-31 09:44:18', '', 12.327849860508, 12.705050976443),
(451, 38, 0, '2016-10-31 09:44:23', '', 12.327337279152, 12.704440985844),
(452, 38, 0, '2016-10-31 09:44:24', '', 12.327589632315, 12.705240104193),
(453, 38, 0, '2016-10-31 09:44:26', '', 12.327318287201, 12.704573929501),
(454, 38, 0, '2016-10-31 09:44:28', '', 11.301935064178, 12.063709415111),
(455, 38, 0, '2016-10-31 09:44:29', '', 14.49992090233, -3.1249277975074),
(456, 38, 0, '2016-10-31 09:44:30', '', 14.49992090233, 0),
(457, 38, 0, '2016-10-31 09:44:31', '', 20.499992939713, 10.499994737973),
(458, 38, 0, '2016-10-31 09:44:36', '', 14.500061255324, 0),
(459, 38, 0, '2016-10-31 09:44:39', '', 8.2697956312262, 7.7782973461742),
(460, 38, 0, '2016-10-31 09:44:41', '', 7.5382778729525, -2.4609275926538),
(461, 38, 0, '2016-10-31 09:44:43', '', 8.4487058633922, 10.280235318496),
(462, 38, 0, '2016-10-31 09:44:44', '', 7.2620898135607, 9.5388061334755),
(463, 38, 0, '2016-10-31 09:44:47', '', 7.5381258635068, -2.4614089558986),
(464, 38, 0, '2016-10-31 09:44:55', '', 12.32802942324, 12.705426506925),
(465, 38, 0, '2016-10-31 09:44:56', '', 7.2604095454823, 9.5390253313591),
(466, 38, 0, '2016-10-31 09:44:56', '', 12.328253485321, 12.706136036851),
(467, 38, 0, '2016-10-31 09:44:57', '', 7.5384615384615, -2.4615384615385),
(468, 38, 0, '2016-10-31 09:44:59', '', 8.269294445694, 7.7770122239715),
(469, 38, 0, '2016-10-31 09:45:09', '', 11.302248468568, 12.06389871532),
(470, 38, 0, '2016-10-31 09:45:19', '', 7.2633173543291, 9.5395733464557),
(471, 38, 0, '2016-10-31 09:45:39', '', -15.5544629763, -25.5544629763),
(472, 38, 0, '2016-10-31 09:45:39', '', 7.2535650017372, 9.5454231196019),
(473, 38, 0, '2016-10-31 09:45:39', '', 8.4487099910416, 10.281939874583),
(474, 38, 0, '2016-10-31 09:45:42', '', 12.910099101364, 8.6032025711035),
(475, 38, 0, '2016-10-31 09:45:42', '', -15.5544629763, -25.5544629763),
(476, 38, 0, '2016-10-31 09:45:43', '', 8.4477259077815, 10.283205124488),
(477, 38, 0, '2016-10-31 09:45:43', '', 9.3155197960071, 9.1755529038665),
(478, 38, 0, '2016-10-31 09:45:43', '', 12.910099101364, 8.6032025711035),
(479, 38, 0, '2016-10-31 09:45:43', '', 8.4487099910416, 10.281939874583),
(480, 38, 0, '2016-10-31 09:45:43', '', 7.2535650017372, 9.5454231196019),
(481, 38, 0, '2016-10-31 09:45:47', '', 14.498726954455, 0),
(482, 38, 0, '2016-10-31 09:45:47', '', 9.2927330221452, 9.2098262310032),
(483, 38, 0, '2016-10-31 09:45:54', '', 8.2754399511777, 7.7827875572625),
(484, 38, 0, '2016-10-31 09:45:57', '', 8.4484704034407, 10.282558320138),
(485, 38, 0, '2016-10-31 09:45:59', '', 9.2878130642431, 9.2034034705349),
(486, 38, 0, '2016-10-31 09:46:03', '', 9.2890758244753, 9.2023474462317),
(487, 38, 0, '2016-10-31 09:46:07', '', 14.498094726354, 0),
(488, 38, 0, '2016-10-31 09:46:15', '', 9.2910091488477, 9.2045844340005),
(489, 38, 0, '2016-10-31 09:46:22', '', 9.2797202182478, 9.206282657392),
(490, 38, 0, '2016-10-31 09:46:24', '', 14.501361754369, 0),
(491, 38, 0, '2016-10-31 09:46:31', '', 14.501361754369, 16.491671780591),
(492, 38, 0, '2016-10-31 09:46:49', '', 13.621893137117, 3.6325929932381),
(493, 38, 0, '2016-10-31 09:46:50', '', 8.4490587165086, 10.281231188942),
(494, 38, 0, '2016-10-31 09:46:54', '', 9.3035181827695, 9.2097859234376),
(495, 38, 0, '2016-10-31 09:46:56', '', 9.2957168089193, 9.1988640000474),
(496, 38, 0, '2016-10-31 09:46:57', '', 9.2919555394688, 9.2036999179123),
(497, 38, 0, '2016-10-31 09:47:03', '', 9.2937470479778, 9.1961063347292),
(498, 38, 0, '2016-10-31 09:47:03', '', 8.4489041971562, 10.282332857214),
(499, 38, 0, '2016-10-31 09:47:06', '', 13.618073051322, 3.6392143951823),
(500, 38, 0, '2016-10-31 09:47:07', '', 9.2892105440517, 9.2048947616724),
(501, 38, 0, '2016-10-31 09:47:26', '', 8.2701305351743, 7.777271563445),
(502, 38, 0, '2016-10-31 09:47:32', '', 8.2713243776781, 7.7789429429503),
(503, 38, 0, '2016-10-31 09:47:37', '', 14.485418673144, 16.475013485653),
(504, 38, 0, '2016-10-31 09:47:38', '', 14.483513399499, 16.481491416048),
(505, 38, 0, '2016-10-31 09:48:18', '', 14.499002579879, 16.494683942922),
(506, 38, 0, '2016-10-31 09:48:19', '', -34.480842692457, 65.476923023548),
(507, 38, 0, '2016-10-31 09:48:19', '', 9.2872736317598, 9.2036306066984),
(508, 38, 0, '2016-10-31 09:48:26', '', -34.507613852909, 65.509789239454),
(509, 38, 0, '2016-10-31 09:48:28', '', 14.5, 16.5),
(510, 38, 0, '2016-10-31 18:00:25', '', 0, 0),
(511, 38, 0, '2016-10-31 18:00:29', '', -6.1318853004129, 29.40310468366),
(512, 38, 0, '2016-10-31 18:00:31', '', -7.143477429143, 30.681663460281),
(513, 38, 0, '2016-10-31 18:00:33', '', 21.202914546612, 10.586618253274),
(514, 38, 0, '2016-10-31 18:00:59', '', 20.70556991093, 10.391265016859),
(515, 38, 0, '2016-10-31 18:01:01', '', 19.969909394677, 10.916736814182),
(516, 38, 0, '2016-10-31 18:01:02', '', 19.719867306168, 10.5),
(517, 38, 0, '2016-10-31 18:01:03', '', 27.506443908231, 10.237221046748),
(518, 38, 0, '2016-10-31 18:01:06', '', 25.751159896705, 12.08633364667),
(519, 38, 0, '2016-10-31 18:01:13', '', 22.353762788823, 10.427287393664),
(520, 38, 0, '2016-10-31 18:01:14', '', 21.609946405103, 10.958584810606),
(521, 38, 0, '2016-10-31 18:01:19', '', 34.522711340763, 10.377193375514),
(522, 38, 0, '2016-10-31 18:01:22', '', 33.145380172183, 13.268664769028),
(523, 38, 0, '2016-10-31 18:01:26', '', 26.447335942596, 10.818288701507),
(524, 38, 0, '2016-10-31 18:01:28', '', 19.712562394082, 12.272155729943),
(525, 38, 0, '2016-10-31 18:01:30', '', 22.334439500145, 11.220471270918),
(526, 38, 0, '2016-10-31 18:01:36', '', 10.96162641767, 10.5),
(527, 38, 0, '2016-10-31 18:01:39', '', 22.570633152976, 9.771498493506),
(528, 38, 0, '2016-10-31 18:01:41', '', 22.874283901756, 11.760319398363),
(529, 38, 0, '2016-10-31 18:01:52', '', 24.257815243411, 10.237221046748),
(530, 38, 0, '2016-10-31 18:01:53', '', 11.232639504331, 12.394962354429),
(531, 38, 0, '2016-10-31 18:01:55', '', 25.711013512747, 10.622806624486),
(532, 38, 0, '2016-10-31 18:02:01', '', 25.898270661394, 11.38591622306),
(533, 38, 0, '2016-10-31 18:02:02', '', 14.935265681818, 0),
(534, 38, 0, '2016-10-31 18:02:04', '', 15.195993157986, 10.427287393664),
(535, 38, 0, '2016-10-31 18:02:05', '', 15.195993157986, 10.812872971402),
(536, 38, 0, '2016-10-31 18:02:09', '', 15.037604535556, 10.309933653084),
(537, 38, 0, '2016-10-31 18:02:10', '', 15.037604535556, 0),
(538, 38, 0, '2016-10-31 18:02:13', '', 14.5, 0),
(539, 38, 0, '2016-10-31 18:02:15', '', 14.586094144949, -3.5339471885071),
(540, 38, 0, '2016-10-31 18:02:16', '', 14.586094144949, 0),
(541, 38, 0, '2016-10-31 18:02:17', '', 14.37857346733, 0),
(542, 38, 0, '2016-10-31 18:02:18', '', 14.688432998687, 10.413246627023),
(543, 38, 0, '2016-10-31 18:02:19', '', 12.209148957946, 11.772909806426),
(544, 38, 0, '2016-10-31 18:02:24', '', 11.619491062499, 10.340534020687),
(545, 38, 0, '2016-10-31 18:02:27', '', 21.53102015634, 11.772909806426),
(546, 38, 0, '2016-10-31 18:02:29', '', 22.125255600171, 10.871831437629),
(547, 38, 0, '2016-10-31 18:02:34', '', 11.474012964925, 11.248438416606),
(548, 38, 0, '2016-10-31 18:02:35', '', 25.041754951656, 11.248438416606),
(549, 38, 0, '2016-10-31 18:02:39', '', 11.877239456726, 10.876606978977),
(550, 38, 0, '2016-10-31 18:02:42', '', 11.551349671719, 10.622806624486),
(551, 38, 0, '2016-10-31 18:02:43', '', 14.602338853738, 10.622806624486),
(552, 38, 0, '2016-10-31 18:02:44', '', 11.678507453591, 10.018807160596),
(553, 38, 0, '2016-10-31 18:02:49', '', 20.135955212099, 10.762692844072),
(554, 38, 0, '2016-10-31 18:04:28', '', 0, 0),
(555, 38, 0, '2016-10-31 18:04:31', '', 11.921595116119, -3.5937784585118),
(556, 38, 0, '2016-10-31 18:04:32', '', 11.873610990451, -3.5062779940582),
(557, 38, 0, '2016-10-31 18:04:42', '', 19.041578429367, 12.225264742282),
(558, 38, 0, '2016-10-31 18:04:46', '', 33.292360495849, 12.225264742282),
(559, 38, 0, '2016-10-31 18:04:49', '', 14.919630277324, 0),
(560, 38, 0, '2016-10-31 18:04:53', '', 13.962395464444, 9.5920956040805),
(561, 38, 0, '2016-10-31 18:04:54', '', 14.769674333687, 0),
(562, 38, 0, '2016-10-31 18:05:00', '', 19.609871621058, 10.586753372977),
(563, 38, 0, '2016-10-31 18:05:02', '', 19.978545277832, 10.586753372977),
(564, 38, 0, '2016-10-31 18:05:04', '', 11.622213206667, 10.922158823385),
(565, 38, 10, '2016-10-31 18:05:21', '', 15.086561899371, 10.5),
(566, 38, 0, '2016-10-31 18:05:21', '', 14.778870428756, 10.616230628355),
(567, 29, 0, '2016-10-31 18:05:36', '', 0, 0),
(568, 29, 0, '2016-10-31 18:05:46', '', 6.9449080837256, 10.5),
(569, 29, 0, '2016-10-31 18:05:57', '', 11.014706502455, 15.978965658266),
(570, 29, 0, '2016-10-31 18:06:02', '', 11.233020208248, 10.123393021023),
(571, 29, 0, '2016-10-31 18:06:07', '', 11.872939374003, 10.5),
(572, 29, 0, '2016-10-31 18:06:12', '', 12.661552704628, 10.603312973939),
(573, 29, 0, '2016-10-31 18:06:23', '', 12.152225893157, 10.5),
(574, 29, 0, '2016-10-31 18:06:27', '', 11.788669054324, 12.211621182849),
(575, 29, 0, '2016-10-31 18:06:36', '', 12.011132621807, 10.309933653084),
(576, 30, 0, '2016-10-31 18:06:54', '', 0, 0),
(577, 29, 0, '2016-10-31 18:07:00', '', 11.305339185317, 8.4149712986546),
(578, 29, 0, '2016-10-31 18:07:03', '', 11.791248684915, 10.396284897433),
(579, 30, 0, '2016-10-31 18:07:06', '', 8.1223305908357, 10.475767131779),
(580, 30, 0, '2016-10-31 18:07:07', '', 7.9887415760707, 10.735467037136),
(581, 29, 0, '2016-10-31 18:07:19', '', 19.707108448791, 11.315498501296),
(582, 30, 0, '2016-10-31 18:07:20', '', 8.5532226071061, 9.0238718441543),
(583, 30, 0, '2016-10-31 18:07:20', '', 8.055273134818, 10.564456025222),
(584, 29, 0, '2016-10-31 18:07:24', '', 20.086693615136, 9.8717676678891),
(585, 30, 0, '2016-10-31 18:07:25', '', 8.137487390364, 10.45572104208),
(586, 30, 0, '2016-10-31 18:07:28', '', 8.0818998612672, 10.529240032176),
(587, 30, 0, '2016-10-31 18:07:29', '', 8.1500027353439, 10.439168489042),
(588, 30, 0, '2016-10-31 18:07:39', '', 8.0631180214994, 10.535215993046),
(589, 30, 0, '2016-10-31 18:07:42', '', 24.7393037645, 10.667621175059),
(590, 29, 0, '2016-10-31 18:07:42', '', 2.3883626229139, -18.803595176937),
(591, 30, 0, '2016-10-31 18:07:47', '', 20.116838709601, 10.444835046754),
(592, 29, 0, '2016-10-31 18:07:47', '', 2.1588557143191, -19.902432045705),
(593, 30, 0, '2016-10-31 18:07:49', '', 20.1, 10.5),
(594, 30, 0, '2016-10-31 18:07:51', '', 20.887709783315, 10.208873507512),
(595, 30, 0, '2016-10-31 18:07:54', '', 19.038255965563, 8.5155731918663),
(596, 30, 0, '2016-10-31 18:07:55', '', 11.631578947368, 10.5),
(597, 30, 0, '2016-10-31 18:07:58', '', 20.229849157575, 10.513643559433),
(598, 30, 0, '2016-10-31 18:07:59', '', 20.248950140782, 10.5),
(599, 29, 0, '2016-10-31 18:08:02', '', 10.136331867919, 17.46874137639),
(600, 30, 0, '2016-10-31 18:08:05', '', 19.439919856657, 10.659465979313),
(601, 29, 0, '2016-10-31 18:08:07', '', 2.9226663642051, -18.429127870104),
(602, 30, 0, '2016-10-31 18:08:10', '', 20.920162687011, 9.706009738986),
(603, 30, 0, '2016-10-31 18:08:12', '', 19.670495997785, 10.388375777949),
(604, 30, 0, '2016-10-31 18:08:27', '', 19.86354341557, 10.022676223369),
(605, 30, 0, '2016-10-31 18:08:28', '', 19.598896149914, 9.9604565613318),
(606, 29, 0, '2016-10-31 18:08:29', '', 17.41262856676, 9.2501630882382),
(607, 30, 0, '2016-10-31 18:08:35', '', 19.608617641849, 9.5334328766831),
(608, 30, 0, '2016-10-31 18:08:37', '', 19.623605843392, 9.706009738986),
(609, 30, 0, '2016-10-31 18:08:41', '', 13.362510448411, -1.0735258324445),
(610, 30, 0, '2016-10-31 18:08:42', '', 14.183748979248, 0.82346480956544),
(611, 30, 0, '2016-10-31 18:08:45', '', 20.490943555953, 10.22075460289),
(612, 30, 0, '2016-10-31 18:08:47', '', 19.650640721971, 9.8517215781904),
(613, 30, 0, '2016-10-31 18:08:53', '', 22.168185959048, 9.944332090205),
(614, 30, 0, '2016-10-31 18:08:54', '', 19.663987154987, 9.9579756496385),
(615, 30, 0, '2016-10-31 18:08:55', '', 31.067959056432, 9.9579756496385),
(616, 30, 0, '2016-10-31 18:08:56', '', 19.697560589368, 9.9579756496385),
(617, 30, 0, '2016-10-31 18:08:58', '', 20.216457012021, 10.257353245627),
(618, 30, 0, '2016-10-31 18:09:00', '', 19.945777335784, 10.2981374031),
(619, 30, 0, '2016-10-31 18:09:05', '', 20.307384823344, 10.535215993046),
(620, 30, 0, '2016-10-31 18:09:07', '', 19.820814654085, 10.535215993046),
(621, 30, 0, '2016-10-31 18:09:08', '', 20.08700014365, 10.3450835005),
(622, 30, 0, '2016-10-31 18:09:11', '', 19.383355144611, 10.114414422262),
(623, 29, 0, '2016-10-31 18:09:13', '', 19.113641170048, 11.859663179403),
(624, 30, 0, '2016-10-31 18:09:13', '', 18.596506866279, 7.565231632661),
(625, 29, 0, '2016-10-31 18:09:13', '', 19.113641170048, 11.859663179403),
(626, 30, 0, '2016-10-31 18:09:14', '', 19.788626825279, 10.611624222051),
(627, 29, 0, '2016-10-31 18:09:14', '', 17.902670320973, 7.9558020363142),
(628, 30, 0, '2016-10-31 18:09:29', '', 2.9345851791154, -17.478445188221),
(629, 29, 0, '2016-10-31 18:09:29', '', 19.250356131636, 8.0244008950013),
(630, 30, 0, '2016-10-31 18:09:31', '', 14.125599626897, 0.4968578264417),
(631, 29, 0, '2016-10-31 18:09:37', '', 19.721652292048, 10.5),
(632, 29, 0, '2016-10-31 18:09:48', '', 20.89040130207, 10.310826146024),
(633, 29, 0, '2016-10-31 18:09:53', '', 10.134573907788, 17.458698320079),
(634, 29, 0, '2016-10-31 18:09:55', '', 20.233969668023, 10.464784006954),
(635, 29, 0, '2016-10-31 18:10:02', '', 20.249908267644, 10.608734983141),
(636, 29, 0, '2016-10-31 18:10:12', '', 35.479171334082, 10.464784006954),
(637, 29, 0, '2016-10-31 18:10:17', '', 21.698463236881, 10.817857797317),
(638, 29, 0, '2016-10-31 18:10:32', '', 0, 0),
(639, 29, 0, '2016-10-31 18:10:58', '', 8.0130984776368, 8.7909938258979),
(640, 29, 0, '2016-10-31 18:11:00', '', 14.947783147287, 7.9558020363142),
(641, 29, 0, '2016-10-31 18:11:05', '', 15.722127478025, 11.966552973629),
(642, 29, 0, '2016-10-31 18:11:51', '', 10.038970580585, 4.1377185653331),
(643, 29, 0, '2016-10-31 18:11:56', '', 37.915654715698, 37.166409873098),
(644, 29, 0, '2016-10-31 18:12:01', '', 20.359640042022, 11.507989611047),
(645, 29, 0, '2016-10-31 18:12:26', '', 15.521468494364, 14.983458524397),
(646, 29, 0, '2016-10-31 18:12:37', '', 15.207629345216, 10.890570403653),
(647, 29, 0, '2016-10-31 18:12:42', '', 20.070714222214, 10.65395786093),
(648, 29, 0, '2016-10-31 18:12:52', '', 20.511153166724, 11.185255277873),
(649, 29, 0, '2016-10-31 18:12:57', '', 14.853048174104, 0),
(650, 29, 0, '2016-10-31 18:13:31', '', 15.54904133209, 0),
(651, 29, 0, '2016-10-31 18:13:36', '', 22.506159825307, 10.923657808925),
(652, 30, 0, '2016-10-31 18:15:44', '', 19.674133294935, 10.952354935856),
(653, 29, 0, '2016-10-31 18:20:07', '', 0, 0),
(654, 29, 0, '2016-10-31 18:20:12', '', 15.074750757949, 0),
(655, 29, 0, '2016-10-31 18:20:32', '', 9.521957703711, 0),
(656, 29, 0, '2016-10-31 18:20:35', '', 14.5, 0),
(657, 29, 0, '2016-10-31 18:20:41', '', 14.983863958808, 0),
(658, 30, 0, '2016-10-31 18:20:42', '', 0, 0),
(659, 30, 0, '2016-10-31 18:20:54', '', 14.5, 0),
(660, 30, 0, '2016-10-31 18:20:55', '', 15.207629345216, 10.757027550145),
(661, 30, 0, '2016-10-31 18:21:02', '', 14.821321314782, 10.5),
(662, 30, 0, '2016-10-31 18:21:07', '', 18.216197533579, 13.374151244172),
(663, 30, 0, '2016-10-31 18:21:08', '', 10.892836051896, 14.342885887263),
(664, 30, 0, '2016-10-31 18:21:10', '', 11.805169438642, 10.226185732665),
(665, 30, 0, '2016-10-31 18:21:21', '', 11.712397927423, 8.804931370189),
(666, 30, 0, '2016-10-31 18:21:23', '', 20.545154424705, 9.6508447857403),
(667, 30, 0, '2016-10-31 18:21:30', '', 20.226988133085, 10.542333638879),
(668, 30, 0, '2016-10-31 18:21:31', '', 5.9558871760024, -13.195516849118),
(669, 30, 0, '2016-10-31 18:21:32', '', 20.046786663934, 10.411311106557),
(670, 29, 0, '2016-10-31 18:21:33', '', 0, 0),
(671, 30, 0, '2016-10-31 18:21:36', '', 20.41784442675, 10.425524929609),
(672, 29, 0, '2016-10-31 18:21:38', '', 8.2615780879047, 10.150688902654),
(673, 30, 0, '2016-10-31 18:21:43', '', 19.521589173178, 11.953867028436),
(674, 29, 0, '2016-10-31 18:21:43', '', 8.6223646252, 8.2814284451467),
(675, 30, 0, '2016-10-31 18:21:44', '', 2.58760515768, 22.23112731604),
(676, 29, 0, '2016-10-31 18:21:49', '', 23.768942328941, 9.6648082104164),
(677, 30, 0, '2016-10-31 18:21:51', '', 19.996612973613, 10.186576159757),
(678, 30, 0, '2016-10-31 18:21:53', '', 9.1694305032537, 9.2950250941434),
(679, 30, 0, '2016-10-31 18:21:54', '', 13.553132079277, -0.41144653453802),
(680, 30, 0, '2016-10-31 18:21:55', '', 13.72321529723, 1.6235981531289),
(681, 30, 0, '2016-10-31 18:22:04', '', 14.164512078174, 0.49013348680383),
(682, 30, 0, '2016-10-31 18:22:05', '', 2.5120720512849, 21.681995501487),
(683, 29, 0, '2016-10-31 18:22:05', '', 19.004704113854, 9.5312653569085),
(684, 30, 0, '2016-10-31 18:22:20', '', 13.692496770548, 1.0688385352552),
(685, 30, 0, '2016-10-31 18:22:21', '', 13.393232992345, 1.8210926642229),
(686, 29, 0, '2016-10-31 18:22:21', '', 20.542938795079, 9.5534789663817),
(687, 29, 0, '2016-10-31 18:22:26', '', 17.100365306653, 8.0496239324795),
(688, 30, 0, '2016-10-31 18:22:44', '', 14.209298183825, 0.62698846291476),
(689, 30, 0, '2016-10-31 18:23:15', '', 36.20901488549, 35.885986887741),
(690, 30, 0, '2016-10-31 18:23:16', '', 15.040232018175, 10.483447446962),
(691, 29, 0, '2016-10-31 18:23:34', '', 0, 0),
(692, 29, 0, '2016-10-31 18:23:39', '', 11.979145888666, -3.8082858834606),
(693, 30, 0, '2016-10-31 18:23:43', '', 14.978966193095, 10.5),
(694, 30, 0, '2016-10-31 18:23:44', '', 2.5343423123, 2.5123435392),
(695, 29, 0, '2016-10-31 18:23:50', '', 13.128544149569, -8.5143316002291),
(696, 29, 0, '2016-10-31 18:23:56', '', 21.179086877336, 10.5),
(697, 29, 0, '2016-10-31 18:24:06', '', 19.824484182006, 10.916736814182),
(698, 29, 0, '2016-10-31 18:24:11', '', 21.683481932416, 10.792888956543),
(699, 29, 0, '2016-10-31 18:24:26', '', 14.256395172202, 15.277087481834),
(700, 29, 0, '2016-10-31 18:24:31', '', 5.8925931373279, 21.219784310294),
(701, 34, 0, '2016-10-31 18:25:12', '', 0, 0),
(702, 34, 0, '2016-10-31 18:25:14', '', 7.0294938488152, 0.69650796889902),
(703, 34, 0, '2016-10-31 18:25:15', '', 11.987905222534, 11.228908912616),
(704, 34, 0, '2016-10-31 18:25:16', '', 8.2996700105014, 7.2941353258653),
(705, 34, 0, '2016-10-31 18:25:21', '', 6.9884940743743, 3.4778589447908),
(706, 29, 0, '2016-10-31 18:25:22', '', 0, 0),
(707, 34, 0, '2016-10-31 18:25:24', '', 20.902250231138, 10.374712463821),
(708, 34, 0, '2016-10-31 18:25:27', '', 14.772860816278, 14.772860816278);
INSERT INTO `tbl_history_user` (`id_history`, `id_user`, `id_area_ruangan`, `time`, `notif`, `x_user`, `y_user`) VALUES
(709, 29, 0, '2016-10-31 18:25:28', '', 11.892756132298, -3.5411897233087),
(710, 34, 0, '2016-10-31 18:25:31', '', 14.572294477481, 10.208873507512),
(711, 34, 0, '2016-10-31 18:25:32', '', 14.865592813686, 10.560831510958),
(712, 34, 0, '2016-10-31 18:25:33', '', 11.78573102976, 10.5),
(713, 34, 0, '2016-10-31 18:25:34', '', 14.876962446547, 10.55024220217),
(714, 34, 0, '2016-10-31 18:25:36', '', 20.400300407444, 10.396284897433),
(715, 34, 0, '2016-10-31 18:25:37', '', 20.190641173213, 10.651068622021),
(716, 29, 0, '2016-10-31 18:25:38', '', 10.914847259268, -2.0246152692741),
(717, 34, 0, '2016-10-31 18:25:47', '', 0.528655770966, -25.095734159127),
(718, 34, 0, '2016-10-31 18:25:48', '', 9.9983689964235, 19.096260893007),
(719, 34, 0, '2016-10-31 18:25:50', '', 14.29934101634, 10.259209219607),
(720, 34, 0, '2016-10-31 18:25:51', '', 15.54332895783, 0),
(721, 34, 0, '2016-10-31 18:25:57', '', 20.292704457228, 10.047645064144),
(722, 34, 0, '2016-10-31 18:26:03', '', 12.895241098704, 10.590071543134),
(723, 34, 0, '2016-10-31 18:26:06', '', 11.901812707108, 10.479953910301),
(724, 34, 0, '2016-10-31 18:26:09', '', 11.930574952902, 10.604444504813),
(725, 34, 0, '2016-10-31 18:26:10', '', 11.91538910982, 10.267941290629),
(726, 34, 0, '2016-10-31 18:26:11', '', 14.732704497591, 10.516552553038),
(727, 34, 0, '2016-10-31 18:26:12', '', 14.5, 10.182142202683),
(728, 34, 0, '2016-10-31 18:26:13', '', 20.629794633986, 10.526232556159),
(729, 34, 0, '2016-10-31 18:26:15', '', 21.699970466687, 10.336100063613),
(730, 34, 0, '2016-10-31 18:26:18', '', 20.192374716558, 10.65395786093),
(731, 29, 0, '2016-10-31 18:26:26', '', 12.131144976743, -4.4661773975115),
(732, 34, 0, '2016-10-31 18:26:28', '', 14.762799467257, 10.479953910301),
(733, 34, 0, '2016-10-31 18:26:29', '', 14.762799467257, 0),
(734, 29, 0, '2016-10-31 18:26:36', '', 11.274528081887, -2.680503828167),
(735, 29, 0, '2016-10-31 18:26:37', '', 11.850467239903, -3.4640746842353),
(736, 34, 0, '2016-10-31 18:26:39', '', 19.937345879182, 10.228909798636),
(737, 34, 0, '2016-10-31 18:26:40', '', 19.937345879182, 10.228909798636),
(738, 29, 0, '2016-10-31 18:26:41', '', 10.273870362253, -0.58910390734574),
(739, 29, 0, '2016-10-31 18:26:48', '', 11.850467239903, -3.4640746842353),
(740, 34, 0, '2016-10-31 18:26:49', '', 11.617195538494, 10.706233575267),
(741, 34, 0, '2016-10-31 18:26:52', '', 2.7725285387245, -18.479772810364),
(742, 34, 0, '2016-10-31 18:26:54', '', 30.500115128498, 28.078588514482),
(743, 29, 0, '2016-10-31 18:26:58', '', 11.390901044966, -2.626042211116),
(744, 34, 0, '2016-10-31 18:27:03', '', 20.130243964704, 10.435259864538),
(745, 34, 0, '2016-10-31 18:27:04', '', 19.97761723397, 10.54427895792),
(746, 34, 0, '2016-10-31 18:27:06', '', 2.4593401844488, -18.652849457949),
(747, 34, 0, '2016-10-31 18:27:07', '', 20.228904986436, 10.536598642737),
(748, 29, 0, '2016-10-31 18:27:08', '', 11.892756132298, -3.5411897233087),
(749, 34, 0, '2016-10-31 18:27:11', '', 20.2627451629, 10.425524929609),
(750, 29, 0, '2016-10-31 18:27:13', '', 11.671052229358, -2.9895090342075),
(751, 34, 0, '2016-10-31 18:27:19', '', 2.4715442744685, -18.250180029299),
(752, 34, 0, '2016-10-31 18:27:20', '', 2.1461121005317, -19.768863507671),
(753, 34, 0, '2016-10-31 18:27:22', '', 2.3653123031556, -18.990992529078),
(754, 29, 0, '2016-10-31 18:27:40', '', 0, 0),
(755, 29, 0, '2016-10-31 18:27:45', '', 7.4371257087837, 10.5),
(756, 34, 0, '2016-10-31 18:28:03', '', 0, 0),
(757, 34, 0, '2016-10-31 18:28:04', '', 11.668030945694, -3.1812010170073),
(758, 29, 0, '2016-10-31 18:28:06', '', 21.226591686052, 9.3513048236879),
(759, 34, 0, '2016-10-31 18:28:07', '', 13.622779564974, 1.556858974273),
(760, 34, 0, '2016-10-31 18:28:08', '', 13.505204720225, 1.0372905690629),
(761, 34, 0, '2016-10-31 18:28:15', '', 13.933942257689, 0.99676612738554),
(762, 34, 0, '2016-10-31 18:28:16', '', 14.147660684533, -0.49926286052413),
(763, 34, 0, '2016-10-31 18:28:19', '', 5.3542851217518, 16.342429867114),
(764, 34, 0, '2016-10-31 18:28:27', '', 14.068853143188, -0.42784127219352),
(765, 29, 0, '2016-10-31 18:28:28', '', 15.820161313313, 6.6894796414827),
(766, 34, 0, '2016-10-31 18:28:28', '', 13.850816879706, 1.0984125721804),
(767, 34, 0, '2016-10-31 18:28:30', '', 13.988101234079, 0.31350205679784),
(768, 34, 0, '2016-10-31 18:28:31', '', 12.699638667558, 2.940650398395),
(769, 34, 0, '2016-10-31 18:28:34', '', 14.135413699204, 0.35625534143311),
(770, 34, 0, '2016-10-31 18:28:38', '', 14.071015109559, 0.24892435869195),
(771, 34, 0, '2016-10-31 18:28:43', '', 13.759786602481, 1.5800126502046),
(772, 34, 0, '2016-10-31 18:29:04', '', 13.989128238366, 0.5179812211834),
(773, 34, 0, '2016-10-31 18:29:07', '', 13.81714955719, 1.1466007633414),
(774, 34, 0, '2016-10-31 18:29:13', '', 13.09171998909, 2.0486487921216),
(775, 34, 0, '2016-10-31 18:29:14', '', 13.180541831934, 2.1966851968622),
(776, 34, 0, '2016-10-31 18:29:22', '', 14.069795090607, 0.20728312989183),
(777, 34, 0, '2016-10-31 18:29:27', '', 13.938672665914, 1.1753214642046),
(778, 34, 0, '2016-10-31 18:29:29', '', 13.274112874099, 1.4697690543167),
(779, 34, 0, '2016-10-31 18:29:36', '', 15.075816274106, 3.8973518466518),
(780, 29, 0, '2016-10-31 18:29:41', '', 10.188966652768, 16.155362054039),
(781, 29, 0, '2016-10-31 18:29:46', '', 13.962698883587, 1.8751409373242),
(782, 29, 0, '2016-10-31 18:30:07', '', 13.960260643036, -0.077275508069462),
(783, 29, 0, '2016-10-31 18:30:12', '', 14.760273525024, 0.52175854029296),
(784, 29, 0, '2016-10-31 18:30:27', '', 19.659561055491, 9.9687025830577),
(785, 34, 0, '2016-10-31 18:30:28', '', 14.331058299721, -0.62275261998556),
(786, 34, 0, '2016-10-31 18:30:30', '', 14.141015802098, 0.70754486337792),
(787, 29, 0, '2016-10-31 18:30:32', '', 20.997393621555, 9.6508447857403),
(788, 34, 0, '2016-10-31 18:30:32', '', 14.616314140281, 0.93157708933057),
(789, 34, 0, '2016-10-31 18:30:33', '', 14.543995829758, 1.0617500482727),
(790, 34, 0, '2016-10-31 18:30:34', '', 14.543995829758, 1.0617500482727),
(791, 34, 0, '2016-10-31 18:30:38', '', 19.788426823264, 10.164594549592),
(792, 34, 0, '2016-10-31 18:30:48', '', 19.27753018263, 10.720296226485),
(793, 34, 0, '2016-10-31 18:30:49', '', 19.637906100107, 10.449206025121),
(794, 29, 8, '2016-10-31 18:30:51', '', 18.938594597941, 8.8066996843543),
(795, 34, 0, '2016-10-31 18:31:00', '', 19.888979263429, 10.047645064144),
(796, 34, 0, '2016-10-31 18:31:02', '', 19.683088138194, 9.944332090205),
(797, 34, 0, '2016-10-31 18:31:06', '', 20.135491348725, 10.319313346423),
(798, 34, 0, '2016-10-31 18:31:07', '', 19.823262939286, 10.542333638879),
(799, 34, 0, '2016-10-31 18:31:09', '', 20.117662495348, 10.271571614722),
(800, 34, 0, '2016-10-31 18:31:12', '', 19.539791196217, 10.684336828387),
(801, 34, 0, '2016-10-31 18:31:17', '', 14.620258569335, 1.2696308416386),
(802, 34, 0, '2016-10-31 18:31:18', '', 14.340329249635, 1.7735036170986),
(803, 34, 0, '2016-10-31 18:31:24', '', 19.671517287009, 9.6286499757287),
(804, 34, 0, '2016-10-31 18:31:29', '', 14.235392405464, 2.5778803750901),
(805, 34, 0, '2016-10-31 18:31:35', '', 20.467890534553, 10.237221046748),
(806, 34, 0, '2016-10-31 18:31:41', '', 19.599382839132, 10.083263185818),
(807, 34, 0, '2016-10-31 18:31:42', '', 20.346426932716, 10.176390799576),
(808, 32, 0, '2016-10-31 18:31:50', '', 0, 0),
(809, 32, 0, '2016-10-31 18:31:53', '', 11.939711327461, -3.5853833226702),
(810, 32, 0, '2016-10-31 18:31:54', '', 11.800778674144, -3.3320355430929),
(811, 34, 0, '2016-10-31 18:31:56', '', 14.418535190835, 1.0308919847253),
(812, 34, 0, '2016-10-31 18:31:58', '', 20.250429899768, 10.077841176615),
(813, 32, 0, '2016-10-31 18:32:07', '', 10.868343750464, -1.4803201606853),
(814, 32, 0, '2016-10-31 18:32:12', '', 13.926703690903, 1.5130741636818),
(815, 34, 0, '2016-10-31 18:32:15', '', 20.014837653959, 10.560830247172),
(816, 32, 0, '2016-10-31 18:32:17', '', 13.884754110324, 1.4431581960511),
(817, 34, 0, '2016-10-31 18:32:20', '', 14.787331177726, 1.1202731662762),
(818, 34, 0, '2016-10-31 18:32:32', '', 19.913040005089, 10.633542853508),
(819, 32, 0, '2016-10-31 18:32:32', '', 13.593518115043, 1.9174453060087),
(820, 34, 0, '2016-10-31 18:32:34', '', 20.22236537419, 10.097887266314),
(821, 34, 0, '2016-10-31 18:32:37', '', 14.228526319184, 0.71421053197297),
(822, 34, 0, '2016-10-31 18:32:41', '', 20.439705456122, 10.257353245627),
(823, 32, 0, '2016-10-31 18:32:47', '', 13.110780066534, 4.6021825851645),
(824, 34, 0, '2016-10-31 18:32:47', '', 20.063501851697, 10.439169752828),
(825, 34, 0, '2016-10-31 18:32:52', '', 20.014837653959, 10.560830247172),
(826, 34, 0, '2016-10-31 18:32:53', '', 19.934711941855, 10.427287393664),
(827, 34, 0, '2016-10-31 18:32:58', '', 20.523760257634, 10.572712606336),
(828, 34, 0, '2016-10-31 18:32:59', '', 20.931337347117, 10.281586113848),
(829, 32, 0, '2016-10-31 18:33:02', '', 13.658448856381, 2.0482656868777),
(830, 34, 0, '2016-10-31 18:33:04', '', 19.686135528415, 10.273329532734),
(831, 32, 0, '2016-10-31 18:33:07', '', 14.450175085022, 0.86877172429694),
(832, 34, 0, '2016-10-31 18:33:13', '', 14.485993398006, 0.61804353340928),
(833, 34, 0, '2016-10-31 18:33:14', '', 19.876541856786, 10.572712606336),
(834, 34, 0, '2016-10-31 18:33:16', '', 13.105487315086, 10.281586113848),
(835, 32, 0, '2016-10-31 18:33:17', '', 14.364306796056, 1.3236495861777),
(836, 34, 0, '2016-10-31 18:33:20', '', 12.855950321525, 10.572712606336),
(837, 34, 0, '2016-10-31 18:33:21', '', 13.105487315086, 10.281586113848),
(838, 34, 0, '2016-10-31 18:33:22', '', 12.855950321525, 10.572712606336),
(839, 34, 0, '2016-10-31 18:33:24', '', 13.105487315086, 10.281586113848),
(840, 32, 0, '2016-10-31 18:33:28', '', 14.450175085022, 0.86877172429694),
(841, 34, 0, '2016-10-31 18:33:31', '', 19.876541856786, 10.572712606336),
(842, 34, 0, '2016-10-31 18:33:33', '', 12.855950321525, 10.572712606336),
(843, 34, 0, '2016-10-31 18:33:34', '', 19.780862269198, 10.413246627023),
(844, 34, 0, '2016-10-31 18:33:35', '', 20.284118946269, 10.281586113848),
(845, 32, 0, '2016-10-31 18:33:38', '', 12.130378812886, 4.6125365376536),
(846, 34, 0, '2016-10-31 18:33:41', '', 12.847260286215, 10.633542853508),
(847, 34, 0, '2016-10-31 18:33:42', '', 19.85649967583, 10.34241636102),
(848, 32, 0, '2016-10-31 18:33:43', '', 15.480275518958, 2.3726471755828),
(849, 34, 0, '2016-10-31 18:33:44', '', 20.320617094572, 10.34241636102),
(850, 34, 0, '2016-10-31 18:33:46', '', 19.810299979234, 10.184640639291),
(851, 32, 0, '2016-10-31 18:33:48', '', 10.847154677635, 8.6991610356991),
(852, 34, 0, '2016-10-31 18:33:53', '', 20.769373506606, 10.572712606336),
(853, 34, 0, '2016-10-31 18:33:54', '', 19.724321939939, 10.122120134535),
(854, 34, 0, '2016-10-31 18:33:56', '', 21.081271008501, 10.122120134535),
(855, 32, 0, '2016-10-31 18:33:58', '', 14.414509786899, 1.5247078810687),
(856, 34, 0, '2016-10-31 18:33:59', '', 19.780862269198, 10.413246627023),
(857, 34, 0, '2016-10-31 18:34:03', '', 20.354543110081, 10.318183492799),
(858, 32, 0, '2016-10-31 18:34:04', '', 11.589731371443, 7.844104547629),
(859, 34, 0, '2016-10-31 18:34:07', '', 14.334470668217, 0.89078444702873),
(860, 34, 0, '2016-10-31 18:34:08', '', 14.570057920624, 0.75815107110583),
(861, 32, 0, '2016-10-31 18:34:10', '', 19.162567704148, 9.4381377431502),
(862, 32, 0, '2016-10-31 18:34:15', '', 3.0323850880186, 21.712217397312),
(863, 32, 0, '2016-10-31 18:34:18', '', 14.422059669468, 0.9193794722941),
(864, 34, 0, '2016-10-31 18:34:21', '', 20.014837653959, 10.560830247172),
(865, 34, 0, '2016-10-31 18:34:23', '', 21.213448744392, 10.34241636102),
(866, 34, 0, '2016-10-31 18:34:26', '', 19.882659918068, 10.340534020687),
(867, 32, 0, '2016-10-31 18:34:29', '', 17.761586463755, 10.944820897067),
(868, 34, 0, '2016-10-31 18:34:30', '', 14.669621495029, 0.92409036178174),
(869, 34, 0, '2016-10-31 18:34:34', '', 14.396740048248, 1.2428169817162),
(870, 32, 0, '2016-10-31 18:34:35', '', 4.4501609247753, 21.032809614835),
(871, 34, 0, '2016-10-31 18:34:35', '', 14.593358755452, 0.71620956841579),
(872, 34, 0, '2016-10-31 18:34:38', '', 14.270791218796, 1.7609485531376),
(873, 34, 0, '2016-10-31 18:34:41', '', 14.531742962751, -0.065713654542132),
(874, 34, 0, '2016-10-31 18:34:50', '', 19.876751555898, 10.5),
(875, 32, 0, '2016-10-31 18:35:00', '', 14.383311028678, 0.80287179819999),
(876, 32, 0, '2016-10-31 18:35:05', '', 3.2338333853309, 21.163355234633),
(877, 34, 0, '2016-10-31 18:35:06', '', 16.063763851338, 3.4169742052253),
(878, 34, 0, '2016-10-31 18:35:08', '', 15.994046645764, 3.9049946442431),
(879, 34, 0, '2016-10-31 18:35:09', '', 16.311041404797, 1.686031331013),
(880, 32, 0, '2016-10-31 18:35:10', '', 14.684648808398, 1.3051014310669),
(881, 34, 0, '2016-10-31 18:35:11', '', 15.994046645764, 3.9049946442431),
(882, 34, 0, '2016-10-31 18:35:15', '', 16.044985037649, 2.4563564702881),
(883, 32, 0, '2016-10-31 18:35:15', '', 14.648830495414, 1.5558296219546),
(884, 34, 0, '2016-10-31 18:35:16', '', 15.873286643453, 3.6582452296609),
(885, 34, 0, '2016-10-31 18:35:20', '', 18.775963145343, 7.6203965859067),
(886, 34, 0, '2016-10-31 18:35:28', '', 14.290128600924, 1.2620238465658),
(887, 32, 0, '2016-10-31 18:35:30', '', 19.825576327063, 9.9252405682861),
(888, 34, 0, '2016-10-31 18:35:31', '', 20.318044961778, 10.257353245627),
(889, 34, 0, '2016-10-31 18:35:34', '', 20.014837653959, 10.560830247172),
(890, 32, 0, '2016-10-31 18:35:36', '', 19.575463291446, 10.05358417509),
(891, 34, 0, '2016-10-31 18:35:37', '', 19.890425691339, 10.318183492799),
(892, 34, 0, '2016-10-31 18:35:42', '', 14.669621495029, 0.92409036178174),
(893, 34, 0, '2016-10-31 18:35:44', '', 14.567081982583, 1.6418669489092),
(894, 32, 0, '2016-10-31 18:35:51', '', 19.771555943411, 9.6421678598245),
(895, 34, 0, '2016-10-31 18:35:54', '', 19.707285917744, 10.208873507512),
(896, 34, 0, '2016-10-31 18:35:56', '', 19.776373963725, 10.208873507512),
(897, 34, 0, '2016-10-31 18:35:59', '', 21.133323032287, 10.208873507512),
(898, 32, 0, '2016-10-31 18:36:02', '', 4.1026843674933, 20.83421898548),
(899, 34, 0, '2016-10-31 18:36:03', '', 14.45960814296, 1.3021143955065),
(900, 32, 0, '2016-10-31 18:36:14', '', 3.52229578066, 21.87891844178),
(901, 34, 0, '2016-10-31 18:36:15', '', 19.724321939939, 10.122120134535),
(902, 32, 0, '2016-10-31 18:36:19', '', 14.457877982452, 0.66865128140644),
(903, 34, 0, '2016-10-31 18:36:23', '', 14.580368145271, 1.5488638100887),
(904, 32, 0, '2016-10-31 18:36:24', '', 14.364306796056, 1.3236495861777),
(905, 34, 0, '2016-10-31 18:36:25', '', 14.617433584604, -0.16622672768136),
(906, 34, 0, '2016-10-31 18:36:30', '', 14.389692175329, 1.4279631372417),
(907, 34, 0, '2016-10-31 18:36:31', '', 14.897362904304, -0.67009950314136),
(908, 34, 0, '2016-10-31 18:36:33', '', 14.580368145271, 1.5488638100887),
(909, 32, 0, '2016-10-31 18:36:39', '', 20.036213139007, 10.083263185818),
(910, 32, 0, '2016-10-31 18:36:44', '', 14.359021232396, 1.3606485317978),
(911, 34, 0, '2016-10-31 18:36:44', '', 14.650085350845, 1.0608433710709),
(912, 34, 0, '2016-10-31 18:36:49', '', 14.698077827968, 1.7450466145832),
(913, 32, 0, '2016-10-31 18:36:54', '', 19.497776454289, 9.9252405682861),
(914, 34, 0, '2016-10-31 18:37:00', '', 14.115876720513, 1.502757722666),
(915, 34, 0, '2016-10-31 18:37:03', '', 14.480804570866, 1.3829245194128),
(916, 34, 0, '2016-10-31 18:37:06', '', 14.415143422341, 0.49996024063427),
(917, 34, 0, '2016-10-31 18:37:08', '', 19.934711941855, 10.427287393664),
(918, 34, 0, '2016-10-31 18:37:12', '', 12.840943910371, 10.427287393664),
(919, 32, 0, '2016-10-31 18:37:14', '', 13.06479716468, 3.1168387319407),
(920, 32, 0, '2016-10-31 18:37:19', '', 14.312461053013, 0.68478850542498),
(921, 34, 0, '2016-10-31 18:37:27', '', 19.978339505656, 10.5),
(922, 34, 0, '2016-10-31 18:37:33', '', 14.586841816537, -0.70192851873848),
(923, 34, 0, '2016-10-31 18:37:35', '', 19.866234314351, 10.279703773515),
(924, 34, 0, '2016-10-31 18:37:39', '', 20.182530996511, 10.281586113848),
(925, 32, 0, '2016-10-31 18:37:39', '', 3.514554812838, 21.517265490017),
(926, 32, 0, '2016-10-31 18:37:47', '', 19.389206969594, 10.002790200211),
(927, 34, 0, '2016-10-31 18:37:51', '', 19.934711941855, 10.427287393664),
(928, 32, 0, '2016-10-31 18:37:52', '', 14.547934893079, 1.6296964145501),
(929, 34, 0, '2016-10-31 18:37:53', '', 21.468374274498, 10.281586113848),
(930, 34, 0, '2016-10-31 18:38:09', '', 20.014837653959, 10.560830247172),
(931, 32, 0, '2016-10-31 18:38:10', '', 14.591077622002, 1.9600997358382),
(932, 34, 0, '2016-10-31 18:38:10', '', 14.810632012554, 1.0783316635862),
(933, 34, 0, '2016-10-31 18:38:12', '', 19.820672133705, 10.237221046748),
(934, 34, 0, '2016-10-31 18:38:13', '', 14.787331177726, 1.1202731662762),
(935, 32, 0, '2016-10-31 18:38:15', '', 12.106404233697, 6.9140933955718),
(936, 32, 0, '2016-10-31 18:38:19', '', 19.437834281798, 9.7795287290817),
(937, 32, 0, '2016-10-31 18:38:32', '', 2.9798175143094, -17.650499216733),
(938, 34, 0, '2016-10-31 18:38:34', '', 19.78107196831, 10.340534020687),
(939, 34, 0, '2016-10-31 18:38:36', '', 20.871171155476, 10.5),
(940, 32, 0, '2016-10-31 18:38:37', '', 19.849957911491, 10.083263185818),
(941, 34, 0, '2016-10-31 18:38:38', '', 20.03302546677, 10.388375777949),
(942, 34, 0, '2016-10-31 18:38:42', '', 20.281019685902, 10.2981374031),
(943, 32, 0, '2016-10-31 18:38:47', '', 19.790690817059, 10.125596824697),
(944, 34, 0, '2016-10-31 18:38:55', '', 20.063501851697, 10.439169752828),
(945, 34, 0, '2016-10-31 18:38:56', '', 20.063501851697, 10.439169752828),
(946, 32, 0, '2016-10-31 18:38:59', '', 19.790690817059, 10.125596824697),
(947, 34, 0, '2016-10-31 18:38:59', '', 19.466431770009, 10.002790200211),
(948, 32, 0, '2016-10-31 18:39:04', '', 19.790690817059, 10.125596824697),
(949, 32, 0, '2016-10-31 18:39:09', '', 2.8237040991505, -18.463139751012),
(950, 32, 0, '2016-10-31 18:39:19', '', 10.413634163498, 16.95653388261),
(951, 34, 0, '2016-10-31 18:39:23', '', 0, 0),
(952, 32, 0, '2016-10-31 18:39:25', '', 10.413634163498, 16.95653388261),
(953, 34, 0, '2016-10-31 18:39:34', '', 11.708644736129, -3.1296265594467),
(954, 32, 0, '2016-10-31 18:39:35', '', 10.18329610479, 17.121061067402),
(955, 32, 0, '2016-10-31 18:39:39', '', 2.3243917996458, -19.553825689937),
(956, 32, 0, '2016-10-31 18:39:44', '', 10.036734158719, 16.929050719569),
(957, 34, 0, '2016-10-31 18:39:46', '', 11.814391391139, -3.1942009381332),
(958, 32, 0, '2016-10-31 18:39:49', '', 20.157873633351, 10.083263185818),
(959, 34, 0, '2016-10-31 18:39:50', '', 11.859435327283, -3.2763398805132),
(960, 34, 0, '2016-10-31 18:39:52', '', 11.614109716621, -2.8696214410604),
(961, 34, 0, '2016-10-31 18:39:54', '', 11.85958546676, -3.3172536913136),
(962, 32, 0, '2016-10-31 18:40:00', '', 9.249895671172, 10.781184794483),
(963, 32, 0, '2016-10-31 18:40:05', '', 19.860941214558, 9.9604565613318),
(964, 34, 0, '2016-10-31 18:40:09', '', 11.844155284259, -3.2597411929011),
(965, 32, 0, '2016-10-31 18:40:17', '', 10.265275460284, 16.98994156365),
(966, 32, 0, '2016-10-31 18:40:22', '', 19.976946044576, 10.125596824697),
(967, 34, 0, '2016-10-31 18:40:23', '', 11.854270294813, -3.2669212918914),
(968, 34, 0, '2016-10-31 18:40:24', '', 11.785552407318, -3.1416122029301),
(969, 34, 0, '2016-10-31 18:40:25', '', 11.887390822651, -3.4034824137874),
(970, 34, 0, '2016-10-31 18:40:28', '', 12.297083353181, -5.0846749824164),
(971, 34, 0, '2016-10-31 18:40:29', '', 20.011543249479, 10.520046089699),
(972, 32, 0, '2016-10-31 18:40:32', '', 3.2391358427121, 22.008612719059),
(973, 34, 0, '2016-10-31 18:40:37', '', 20.425773634843, 10.422640236743),
(974, 34, 11, '2016-10-31 18:40:39', '', 19.784716921606, 9.9745282026764),
(975, 32, 0, '2016-10-31 18:42:33', '', 0, 0),
(976, 32, 0, '2016-10-31 18:42:43', '', 7.2226354918997, 10.783680609427),
(977, 32, 0, '2016-10-31 18:42:58', '', 24.860975864441, 10.997209799789),
(978, 32, 11, '2016-10-31 18:43:04', '', 21.202989084273, 10.422450368075),
(979, 30, 0, '2016-11-02 17:47:37', '', 0, 0),
(980, 30, 0, '2016-11-02 17:47:38', '', 0, 0),
(981, 30, 0, '2016-11-02 17:47:46', '', 0, 0),
(982, 30, 0, '2016-11-02 17:47:47', '', -1.7473220415974, 11.041357571016),
(983, 30, 0, '2016-11-02 17:47:51', '', -1.7454144117693, 11.04162918628),
(984, 30, 0, '2016-11-02 17:47:55', '', -1.7535211267606, 11.042253521127),
(985, 30, 0, '2016-11-02 17:47:57', '', -25.293103448276, 54.758620689655),
(986, 30, 0, '2016-11-02 17:48:03', '', 10.127354954651, 4.5271590897956),
(987, 30, 0, '2016-11-02 17:48:04', '', 12.967040724407, 4.1565116144111),
(988, 30, 0, '2016-11-02 17:48:05', '', 14.5, 0),
(989, 30, 0, '2016-11-02 17:48:10', '', 10.127373304706, 4.5269855536805),
(990, 30, 0, '2016-11-02 17:48:13', '', 14.499967730199, -3.1250546909326),
(991, 30, 0, '2016-11-02 17:48:14', '', 14.500037054362, -3.1251760082174),
(992, 30, 0, '2016-11-02 17:48:16', '', 14.5, 0),
(993, 30, 0, '2016-11-02 17:48:20', '', 14.5, -3.1250504636994),
(994, 30, 0, '2016-11-02 17:48:22', '', 14.5, 0),
(995, 30, 0, '2016-11-02 17:48:23', '', 14.500037054362, -3.1252264719169),
(996, 30, 0, '2016-11-02 17:48:32', '', 10.127564624852, 4.5268730695945),
(997, 30, 0, '2016-11-02 17:48:33', '', 14.500037054362, 0),
(998, 30, 0, '2016-11-02 17:48:36', '', 14.5, 0),
(999, 30, 0, '2016-11-02 17:48:38', '', 14.500037054362, 0),
(1000, 30, 0, '2016-11-02 17:48:42', '', 14.500014981551, -3.1251216260682),
(1001, 30, 0, '2016-11-02 17:48:56', '', 10.127530308177, 4.5268669053441),
(1002, 30, 0, '2016-11-02 17:48:58', '', 10.127461670568, 4.5268758580758),
(1003, 30, 0, '2016-11-02 17:48:59', '', 12.967063566867, 4.1564930020368),
(1004, 30, 0, '2016-11-02 17:49:00', '', 10.127361479046, 4.5269557848853),
(1005, 30, 0, '2016-11-02 17:49:03', '', 10.127564624852, 4.5268730695945),
(1006, 30, 0, '2016-11-02 17:49:04', '', 10.127361479046, 4.5269557848853),
(1007, 30, 0, '2016-11-02 17:49:13', '', 14.500014981551, 0),
(1008, 30, 0, '2016-11-02 17:49:15', '', 12.967028440898, 4.1565644420351),
(1009, 30, 0, '2016-11-02 17:49:17', '', 14.500014981551, 0),
(1010, 30, 0, '2016-11-02 17:49:18', '', 10.127495987242, 4.5268820223262),
(1011, 30, 0, '2016-11-02 17:49:19', '', 14.500014981551, -3.1251216260682),
(1012, 30, 0, '2016-11-02 17:49:21', '', 14.500014981551, 0),
(1013, 30, 0, '2016-11-02 17:49:22', '', 14.500014981551, -3.1251216260682),
(1014, 30, 0, '2016-11-02 17:49:24', '', 14.500014981551, 0),
(1015, 30, 0, '2016-11-02 17:49:25', '', 10.12753687379, 4.5268766892982),
(1016, 30, 0, '2016-11-02 17:49:28', '', 14.5, -3.1250752050894),
(1017, 30, 0, '2016-11-02 17:49:31', '', 10.127564624852, 4.5268730695945),
(1018, 30, 0, '2016-11-02 17:49:32', '', 10.127430116655, 4.5269468321537),
(1019, 30, 0, '2016-11-02 17:49:33', '', 10.127564624852, 4.5268730695945),
(1020, 30, 0, '2016-11-02 17:49:35', '', 0, 0),
(1021, 30, 0, '2016-11-02 17:49:49', '', 14.5, 0),
(1022, 30, 0, '2016-11-02 17:50:08', '', 14.499967730199, -3.1251051546321),
(1023, 30, 0, '2016-11-02 17:50:09', '', 14.499967730199, -3.1249435278479),
(1024, 30, 0, '2016-11-02 17:50:18', '', 10.127450907937, 4.5269104474114),
(1025, 30, 0, '2016-11-02 17:50:27', '', 14.499985018449, -3.1250242459846),
(1026, 30, 0, '2016-11-02 17:50:29', '', 12.967026000881, 4.1565310874622),
(1027, 30, 0, '2016-11-02 17:50:30', '', 0, 0),
(1028, 30, 0, '2016-11-02 17:50:34', '', 10.127399945679, 4.526999631362),
(1029, 30, 0, '2016-11-02 17:50:44', '', 14.49992090233, -3.1248615790767),
(1030, 30, 0, '2016-11-02 17:50:47', '', 10.127361479046, 4.5269557848853),
(1031, 30, 0, '2016-11-02 17:50:55', '', 14.500037054362, 0),
(1032, 30, 0, '2016-11-02 17:50:56', '', 14.500014981551, -3.1251216260682),
(1033, 30, 0, '2016-11-02 17:50:59', '', 14.50002207281, 0),
(1034, 30, 0, '2016-11-02 17:51:10', '', 14.500032269801, -3.1251532815556),
(1035, 30, 0, '2016-11-02 17:51:15', '', 14.500037054362, 0),
(1036, 30, 9, '2016-11-02 17:54:40', '', 0, 0),
(1037, 30, 9, '2016-11-02 17:54:44', '', 0, 0),
(1038, 30, 9, '2016-11-02 17:54:47', '', 10.127122972532, 4.5275347980693),
(1039, 30, 9, '2016-11-02 17:54:52', '', 10.126922490601, 4.5278553810122),
(1040, 30, 9, '2016-11-02 17:55:11', '', 10.127398472182, 4.5270526736823),
(1041, 30, 9, '2016-11-02 17:55:15', '', 10.127329834572, 4.527061626414),
(1042, 30, 9, '2016-11-02 17:55:17', '', 10.127398472182, 4.5270526736823),
(1043, 30, 9, '2016-11-02 17:55:20', '', 10.127329834572, 4.527061626414),
(1044, 30, 9, '2016-11-02 17:55:24', '', 10.127460626611, 4.5269741638668),
(1045, 30, 9, '2016-11-02 17:55:27', '', 10.127414191253, 4.5269802206525),
(1046, 30, 9, '2016-11-02 17:55:28', '', 10.127451594858, 4.5269597089984),
(1047, 30, 9, '2016-11-02 17:55:31', '', 10.127216619224, 4.5273046979279),
(1048, 30, 9, '2016-11-02 17:55:33', '', 10.12737367396, 4.5271410152235),
(1049, 30, 9, '2016-11-02 17:55:35', '', 10.127216619224, 4.5273046979279),
(1050, 30, 9, '2016-11-02 17:55:36', '', 10.127303941129, 4.5272933081142),
(1051, 30, 9, '2016-11-02 17:55:43', '', 10.127216619224, 4.5273046979279),
(1052, 30, 9, '2016-11-02 17:55:46', '', 10.127345922899, 4.5271446349272),
(1053, 30, 9, '2016-11-02 17:55:50', '', 10.126916439778, 4.527830011958),
(1054, 30, 9, '2016-11-02 17:55:52', '', 10.126985077387, 4.5278210592264),
(1055, 30, 9, '2016-11-02 17:55:57', '', 10.127301830605, 4.5271882223374),
(1056, 30, 9, '2016-11-02 17:56:09', '', 10.127122972532, 4.5275347980693),
(1057, 30, 9, '2016-11-02 17:56:12', '', 10.12716697812, 4.5273490090959),
(1058, 30, 9, '2016-11-02 17:56:14', '', 10.127247853228, 4.5273162568504),
(1059, 30, 9, '2016-11-02 17:56:17', '', 10.127224540888, 4.5273368501815),
(1060, 30, 9, '2016-11-02 17:56:21', '', 10.127354954651, 4.5271590897956),
(1061, 30, 9, '2016-11-02 17:56:22', '', 10.127267632746, 4.5271704796093),
(1062, 30, 9, '2016-11-02 17:56:33', '', 10.127435875786, 4.5270321620282),
(1063, 30, 9, '2016-11-02 17:56:34', '', 10.12729427372, 4.5271845572908),
(1064, 30, 9, '2016-11-02 17:56:46', '', 10.127354954651, 4.5271590897956),
(1065, 30, 9, '2016-11-02 17:56:47', '', 10.127312958016, 4.5271821202088),
(1066, 30, 9, '2016-11-02 17:56:58', '', 10.127417156477, 4.5270502366003),
(1067, 30, 9, '2016-11-02 17:56:59', '', 10.127375159841, 4.5270732670134),
(1068, 30, 9, '2016-11-02 17:57:06', '', 10.126985077387, 4.5278210592264),
(1069, 30, 9, '2016-11-02 17:57:09', '', 10.126905677147, 4.5278646012937),
(1070, 30, 9, '2016-11-02 17:57:30', '', 10.127312958016, 4.5271821202088),
(1071, 30, 9, '2016-11-02 17:57:34', '', 10.12729427372, 4.5271845572908),
(1072, 30, 9, '2016-11-02 17:58:07', '', 10.127214508699, 4.5271996121511),
(1073, 30, 9, '2016-11-02 17:58:08', '', 10.127214508699, 4.5271996121511),
(1074, 30, 9, '2016-11-02 17:58:09', '', 14.499985018449, -3.1250376168254),
(1075, 30, 9, '2016-11-02 17:58:18', '', 14.499873761156, -3.1248126561279),
(1076, 30, 9, '2016-11-02 17:58:19', '', 14.499873761156, -3.1247488215878),
(1077, 30, 9, '2016-11-02 17:58:26', '', 14.499883847968, -3.1248471976434),
(1078, 30, 9, '2016-11-02 17:58:41', '', 14.499952858827, -3.1248422978572),
(1079, 30, 9, '2016-11-02 17:58:43', '', 14.49992090233, -3.1250232058608),
(1080, 30, 9, '2016-11-02 17:58:45', '', 14.499883847968, -3.12475178929),
(1081, 30, 9, '2016-11-02 17:58:49', '', 14.499985018449, -3.1250242459846),
(1082, 30, 9, '2016-11-02 17:58:54', '', 14.499962945638, -3.1248902102133),
(1083, 30, 9, '2016-11-02 17:58:54', '', 14.499962945638, -3.1249856185667),
(1084, 30, 9, '2016-11-02 17:58:55', '', 14.499962945638, -3.1248902102133),
(1085, 30, 9, '2016-11-02 17:58:56', '', 14.50002207281, -3.1251048458487),
(1086, 30, 9, '2016-11-02 17:58:59', '', 14.5, -3.125),
(1087, 30, 9, '2016-11-02 17:59:01', '', 14.499962945638, -3.1249856185667),
(1088, 30, 9, '2016-11-02 17:59:47', '', 14.499962945638, -3.1248902102133),
(1089, 30, 9, '2016-11-02 17:59:49', '', 14.5, -3.1250662184307),
(1090, 30, 9, '2016-11-02 18:00:06', '', 14.499898829519, -3.1249183600121),
(1091, 30, 0, '2016-11-05 10:11:50', '', 0, 0),
(1092, 30, 0, '2016-11-05 10:11:51', '', 43.432754607253, 0.18266407928133),
(1093, 30, 0, '2016-11-05 10:11:54', '', -3.4444398520651, 24.99999235952),
(1094, 30, 0, '2016-11-05 10:11:56', '', -3.4444210331975, 24.99999235952),
(1095, 30, 0, '2016-11-05 10:11:58', '', -1.7869157729129, 24.122488130983),
(1096, 30, 0, '2016-11-05 10:12:01', '', -3.4445286494637, 25),
(1097, 30, 0, '2016-11-05 10:12:03', '', -3.4442924230184, 24.999881158578),
(1098, 30, 0, '2016-11-05 10:12:04', '', 11.08193092579, 11.926230847505),
(1099, 30, 0, '2016-11-05 10:12:05', '', 11.08194787667, 11.926215591713),
(1100, 30, 0, '2016-11-05 10:12:09', '', 15.745162115006, 14.840729169539),
(1101, 30, 0, '2016-11-05 10:12:14', '', 15.745183567143, 14.840739729464),
(1102, 30, 0, '2016-11-05 10:12:15', '', 11.081889964296, 11.92618305889),
(1103, 30, 0, '2016-11-05 10:12:16', '', 11.081892125719, 11.926182578574),
(1104, 30, 0, '2016-11-05 10:12:20', '', 11.08195245162, 11.926222113468),
(1105, 30, 0, '2016-11-05 10:12:21', '', 11.081953652411, 11.926221032757),
(1106, 30, 0, '2016-11-05 10:12:22', '', 11.081944808561, 11.926218353011),
(1107, 30, 0, '2016-11-05 10:12:26', '', 15.745164581769, 14.840727863605),
(1108, 30, 0, '2016-11-05 10:12:29', '', 11.081950584302, 11.926223794055),
(1109, 30, 0, '2016-11-05 10:12:30', '', 11.081953652411, 11.926221032757),
(1110, 30, 0, '2016-11-05 10:12:36', '', 11.08195245162, 11.926222113468),
(1111, 30, 0, '2016-11-05 10:12:38', '', 15.745227382404, 14.840763384129),
(1112, 30, 0, '2016-11-05 10:13:01', '', -1.7873367812406, 24.122259175472),
(1113, 30, 0, '2016-11-05 10:13:02', '', 198.67986664291, -14.428596099614),
(1114, 30, 0, '2016-11-05 10:13:05', '', 198.67698695351, -14.428042313191),
(1115, 30, 0, '2016-11-05 10:13:06', '', 15.331051441003, 14.906718934712),
(1116, 30, 0, '2016-11-05 10:13:08', '', 17.796335366189, 20.356748107996),
(1117, 30, 0, '2016-11-05 10:13:09', '', 17.796304457481, 20.35670432066),
(1118, 30, 0, '2016-11-05 10:13:10', '', 17.796335366189, 20.356748107996),
(1119, 30, 0, '2016-11-05 10:13:16', '', 5.5132395283943, 16.477875738166),
(1120, 30, 0, '2016-11-05 10:13:21', '', 15.745217017675, 14.840764365921),
(1121, 30, 0, '2016-11-05 10:13:23', '', 15.745220547612, 14.840762842258),
(1122, 30, 0, '2016-11-05 10:13:24', '', 8.4705926222041, 10.294120388878),
(1123, 30, 0, '2016-11-05 10:13:26', '', 8.470586528857, 10.294118479204),
(1124, 30, 0, '2016-11-05 10:13:27', '', 8.4705943478401, 10.294120734005),
(1125, 30, 0, '2016-11-05 10:13:29', '', 8.4705854934754, 10.294117098695),
(1126, 30, 0, '2016-11-05 10:13:33', '', 15.745222667334, 14.840762268416),
(1127, 30, 0, '2016-11-05 10:13:36', '', 8.470586528857, 10.294118479204),
(1128, 30, 0, '2016-11-05 10:13:37', '', 8.4705927027489, 10.29411854055),
(1129, 30, 0, '2016-11-05 10:13:50', '', 8.4705936575857, 10.294121769386),
(1130, 30, 0, '2016-11-05 10:13:52', '', 8.4705995161544, 10.294124697597),
(1131, 30, 0, '2016-11-05 10:13:54', '', 8.4706021382356, 10.294128193705),
(1132, 30, 0, '2016-11-05 10:13:56', '', 9.9853474266728, 17.890110195695),
(1133, 30, 0, '2016-11-05 10:14:46', '', 5.5132743362832, 16.477876106195),
(1134, 30, 0, '2016-11-05 10:14:48', '', 5.5133861572324, 16.47792204201),
(1135, 30, 0, '2016-11-05 10:14:58', '', 16.125267309334, 13.999893621388),
(1136, 30, 0, '2016-11-05 10:15:01', '', 7.5456964234436, 17.119766966581),
(1137, 30, 0, '2016-11-05 10:15:04', '', 12.294164978629, 15.393021741644),
(1138, 30, 0, '2016-11-05 10:15:06', '', 7.5456787030185, 17.119761370658),
(1139, 30, 0, '2016-11-05 10:15:08', '', 7.5457866753299, 17.119722107999),
(1140, 30, 0, '2016-11-05 10:15:11', '', 7.5457658603174, 17.119759318519),
(1141, 30, 0, '2016-11-05 10:15:21', '', 0, 0),
(1142, 30, 0, '2016-11-05 10:15:22', '', 2.1153732844696, 15.404862151781),
(1143, 30, 0, '2016-11-05 10:16:29', '', 0, 0),
(1144, 30, 0, '2016-11-05 10:16:30', '', 5.3682911817744, 14.206288716057),
(1145, 30, 0, '2016-11-05 10:16:31', '', 10.276753802214, 17.982029193318),
(1146, 30, 0, '2016-11-05 10:16:32', '', 7.5457646214221, 17.11976510003),
(1147, 30, 0, '2016-11-05 10:16:42', '', 0, 0),
(1148, 30, 0, '2016-11-05 10:16:44', '', 4.6176331692053, 11.058823319024),
(1149, 30, 0, '2016-11-05 10:17:41', '', 0, 0),
(1150, 30, 0, '2016-11-05 10:19:32', '', 0, 0),
(1151, 30, 0, '2016-11-05 10:19:33', '', -43.123888263323, 32.071955434524),
(1152, 30, 0, '2016-11-05 10:19:35', '', 198.68268128931, -14.429228633403),
(1153, 30, 0, '2016-11-05 10:19:36', '', 198.68267063539, -14.429227301662),
(1154, 30, 0, '2016-11-05 10:19:42', '', 198.68263494626, -14.429219721277),
(1155, 30, 0, '2016-11-05 10:19:44', '', 198.68022037297, -14.428838801946),
(1156, 30, 0, '2016-11-05 10:19:48', '', 198.68128635321, -14.429004319277),
(1157, 30, 0, '2016-11-05 10:19:50', '', 198.68114236729, -14.428986321037),
(1158, 30, 0, '2016-11-05 10:19:52', '', 198.68114236729, -14.428986321037),
(1159, 30, 0, '2016-11-05 10:19:57', '', 198.6812002521, -14.42899745273),
(1160, 30, 0, '2016-11-05 10:19:57', '', 198.68129700714, -14.429005651017),
(1161, 30, 0, '2016-11-05 10:21:39', '', 0, 0),
(1162, 30, 0, '2016-11-05 10:21:40', '', 43.432705537407, 0.1826821576454),
(1163, 30, 0, '2016-11-05 10:21:43', '', 43.432705537407, 0.1826821576454),
(1164, 30, 0, '2016-11-05 10:21:49', '', 15.745181676696, 14.840742932109),
(1165, 30, 0, '2016-11-05 10:21:49', '', 15.745227920573, 14.840735533088),
(1166, 30, 0, '2016-11-05 10:21:54', '', 15.745241589449, 14.840759206354),
(1167, 30, 0, '2016-11-05 10:21:56', '', 15.745214619735, 14.840763521508),
(1168, 30, 0, '2016-11-05 10:22:01', '', 15.745228055455, 14.84075847162),
(1169, 30, 0, '2016-11-05 10:22:11', '', 15.745189527482, 14.84073877581),
(1170, 30, 0, '2016-11-05 10:22:12', '', 15.745229365291, 14.840763674441),
(1171, 30, 0, '2016-11-05 10:22:15', '', 15.745229365291, 14.840763674441),
(1172, 30, 0, '2016-11-05 10:22:29', '', 10.087112934584, 17.836237731966),
(1173, 30, 0, '2016-11-05 10:22:32', '', 14.250000035187, 0),
(1174, 30, 0, '2016-11-05 10:24:00', '', 0, 0),
(1175, 30, 0, '2016-11-05 10:24:07', '', -8.3289474621304, 6.9342105075739),
(1176, 30, 0, '2016-11-05 10:24:08', '', -8.3289474621304, 6.9342105075739),
(1177, 30, 0, '2016-11-05 10:26:23', '', 0, 0),
(1178, 30, 0, '2016-11-05 10:26:24', '', 10.284545475264, 4.5063636026964),
(1179, 30, 0, '2016-11-05 10:26:25', '', 10.284545439171, 4.5063636213251),
(1180, 30, 0, '2016-11-05 10:26:52', '', 7.2083336326865, 9.5052083034211),
(1181, 30, 0, '2016-11-05 10:26:54', '', 7.2083338368024, 9.5052082495519),
(1182, 30, 0, '2016-11-05 10:26:56', '', 7.2083338507009, 9.5052082895102),
(1183, 30, 0, '2016-11-05 10:27:02', '', 7.2083342385253, 9.5052082201843),
(1184, 30, 0, '2016-11-05 10:27:03', '', 7.2083342246268, 9.5052082427694),
(1185, 30, 0, '2016-11-05 10:27:04', '', 7.2083342385253, 9.5052082201843),
(1186, 30, 0, '2016-11-05 10:27:05', '', 7.2083342246268, 9.5052082427694),
(1187, 30, 0, '2016-11-05 10:27:07', '', 7.2083338495856, 9.5052082688018),
(1188, 30, 0, '2016-11-05 10:27:12', '', 7.2083338406917, 9.5052082832544),
(1189, 30, 0, '2016-11-05 10:27:14', '', 7.2083338317978, 9.5052082576844),
(1190, 30, 0, '2016-11-05 10:27:22', '', 7.2083338406917, 9.5052082832544),
(1191, 30, 0, '2016-11-05 10:27:25', '', 7.2083338495856, 9.5052082688018),
(1192, 30, 0, '2016-11-05 10:27:31', '', 7.2083338507009, 9.5052082895102),
(1193, 30, 0, '2016-11-05 10:27:32', '', 7.2083338229038, 9.505208272137),
(1194, 30, 0, '2016-11-05 10:27:39', '', 7.2083338406917, 9.5052082832544),
(1195, 30, 0, '2016-11-05 10:27:41', '', 7.2083338545902, 9.5052082606693),
(1196, 30, 0, '2016-11-05 10:27:55', '', 7.2083338406917, 9.5052082832544),
(1197, 30, 0, '2016-11-05 10:27:59', '', 7.2083338545902, 9.5052082606693),
(1198, 30, 0, '2016-11-05 10:28:16', '', 7.2083338406917, 9.5052082832544),
(1199, 30, 0, '2016-11-05 10:28:22', '', 7.2083338545902, 9.5052082606693),
(1200, 30, 0, '2016-11-05 10:28:34', '', 7.2083338406917, 9.5052082832544),
(1201, 30, 0, '2016-11-05 10:28:35', '', 7.2083335959956, 9.5052083005006),
(1202, 30, 0, '2016-11-05 10:28:41', '', 7.2083338406917, 9.5052082832544),
(1203, 30, 0, '2016-11-05 10:28:43', '', 7.2083342235115, 9.5052082220611),
(1204, 30, 0, '2016-11-05 10:28:52', '', 7.2083338406917, 9.5052082832544),
(1205, 30, 0, '2016-11-05 10:28:55', '', 7.2083338545902, 9.5052082606693),
(1206, 30, 0, '2016-11-05 10:28:58', '', 7.2083336137835, 9.505208311618),
(1207, 30, 0, '2016-11-05 10:28:59', '', 7.2083336226774, 9.5052082971653),
(1208, 30, 0, '2016-11-05 10:29:02', '', 7.2083338406917, 9.5052082832544),
(1209, 30, 0, '2016-11-05 10:29:04', '', 7.2083338229038, 9.505208272137),
(1210, 30, 0, '2016-11-05 10:29:14', '', 7.2083332221109, 9.5052082838306),
(1211, 30, 0, '2016-11-05 10:29:15', '', 7.2083332221109, 9.5052082838306),
(1212, 30, 0, '2016-11-05 10:29:19', '', 11.302325570226, 12.063953501403),
(1213, 30, 0, '2016-11-05 10:29:21', '', 11.302325581395, 12.063953488372),
(1214, 30, 0, '2016-11-05 10:29:23', '', 11.302325588841, 12.063953493026),
(1215, 30, 0, '2016-11-05 10:29:25', '', 11.302325592564, 12.063953475341),
(1216, 30, 0, '2016-11-05 10:29:26', '', 7.2083332159911, 9.5052082712547),
(1217, 30, 0, '2016-11-05 10:29:33', '', 7.2083332576866, 9.5052082660428),
(1218, 30, 0, '2016-11-05 10:29:34', '', 7.208333286709, 9.5052083391614),
(1219, 30, 0, '2016-11-05 10:29:35', '', 7.2083332576866, 9.5052082660428),
(1220, 30, 0, '2016-11-05 10:29:47', '', 7.2083332600272, 9.5052083424966),
(1221, 30, 0, '2016-11-05 10:29:48', '', 7.2083332844626, 9.5052083027891),
(1222, 30, 0, '2016-11-05 10:29:52', '', 11.302325570226, 12.063953501403),
(1223, 30, 0, '2016-11-05 10:29:53', '', 11.302325573949, 12.063953483718),
(1224, 30, 0, '2016-11-05 10:29:54', '', 11.302325563721, 12.063953532305),
(1225, 30, 0, '2016-11-05 10:29:57', '', 11.302325577672, 12.063953506057),
(1226, 30, 0, '2016-11-05 10:29:58', '', 11.302325581395, 12.063953488372),
(1227, 30, 0, '2016-11-05 10:29:59', '', 14.250000035187, -1.937500167138),
(1228, 30, 0, '2016-11-05 10:30:00', '', 11.302325581395, 12.063953488372),
(1229, 30, 0, '2016-11-05 10:30:05', '', 11.302325582336, 12.063953523928),
(1230, 30, 0, '2016-11-05 10:30:07', '', 11.302325575111, 12.063953495704),
(1231, 30, 0, '2016-11-05 10:30:10', '', 11.302325581395, 12.063953488372),
(1232, 30, 0, '2016-11-05 10:30:12', '', 11.302325575111, 12.063953495704),
(1233, 30, 0, '2016-11-05 10:30:15', '', 11.302325588841, 12.063953493026),
(1234, 30, 0, '2016-11-05 10:30:16', '', 11.302325592564, 12.063953475341),
(1235, 30, 0, '2016-11-05 10:30:19', '', 11.302325588841, 12.063953493026),
(1236, 30, 0, '2016-11-05 10:30:28', '', 7.2083332310048, 9.505208269378),
(1237, 30, 0, '2016-11-05 10:30:31', '', 7.2083332070971, 9.5052082857074),
(1238, 30, 0, '2016-11-05 10:30:37', '', 7.2083333022504, 9.5052083139065),
(1239, 30, 0, '2016-11-05 10:30:38', '', 11.302325577672, 12.063953506057),
(1240, 30, 0, '2016-11-05 10:30:44', '', 11.302325581395, 12.063953488372),
(1241, 30, 0, '2016-11-05 10:30:45', '', 11.302325571167, 12.063953536959),
(1242, 30, 0, '2016-11-05 10:30:47', '', 11.302325564882, 12.063953544291),
(1243, 30, 0, '2016-11-05 10:30:53', '', 11.302325582336, 12.063953523928),
(1244, 30, 0, '2016-11-05 10:30:55', '', 11.302325564882, 12.063953544291),
(1245, 30, 0, '2016-11-05 10:31:00', '', 7.2083332310048, 9.505208269378),
(1246, 30, 0, '2016-11-05 10:31:04', '', 11.302325575111, 12.063953495704),
(1247, 30, 0, '2016-11-05 10:31:08', '', 11.302325588841, 12.063953493026),
(1248, 30, 0, '2016-11-05 10:31:09', '', 7.2083332310048, 9.505208269378),
(1249, 30, 0, '2016-11-05 10:31:12', '', 7.2083332310048, 9.505208269378),
(1250, 30, 0, '2016-11-05 10:31:14', '', 40.967080853406, 5.2849372949096),
(1251, 30, 0, '2016-11-05 10:31:18', '', 14.25, 0),
(1252, 30, 0, '2016-11-05 10:31:25', '', 11.499995939863, 11.833342527106),
(1253, 30, 0, '2016-11-05 10:31:27', '', 11.302325588841, 12.063953493026),
(1254, 30, 0, '2016-11-05 10:31:32', '', 7.2083332755686, 9.5052083172417),
(1255, 30, 0, '2016-11-05 10:31:33', '', 7.2083332844626, 9.5052083027891),
(1256, 30, 0, '2016-11-05 10:31:48', '', 11.302325592564, 12.063953475341),
(1257, 30, 0, '2016-11-05 10:31:50', '', 7.2083332310048, 9.505208269378),
(1258, 30, 0, '2016-11-05 10:31:51', '', 11.302325581395, 12.063953488372),
(1259, 30, 0, '2016-11-05 10:31:52', '', 11.302325581395, 12.063953488372),
(1260, 30, 0, '2016-11-05 10:31:54', '', 11.302325571167, 12.063953536959),
(1261, 30, 0, '2016-11-05 10:31:56', '', 11.302325592564, 12.063953475341),
(1262, 30, 0, '2016-11-05 10:31:59', '', 11.302325588841, 12.063953493026),
(1263, 30, 0, '2016-11-05 10:32:03', '', 14.250000035187, 8.6249999589486),
(1264, 30, 0, '2016-11-05 10:32:07', '', 10.020407583726, 18.153064087259),
(1265, 30, 0, '2016-11-05 10:32:10', '', 6.4999999773481, 3.4999999622468),
(1266, 30, 0, '2016-11-05 10:32:14', '', 11.499999941093, 11.833333361965),
(1267, 30, 0, '2016-11-05 10:32:15', '', 11.5, 11.833333333333),
(1268, 30, 0, '2016-11-05 10:32:16', '', 11.389610379863, 11.649350633106),
(1269, 30, 0, '2016-11-05 10:32:29', '', 11.302325559978, 12.063953590106),
(1270, 30, 0, '2016-11-05 10:32:30', '', 11.302325528331, 12.063953510187),
(1271, 30, 0, '2016-11-05 10:32:34', '', 11.302325559978, 12.063953590106),
(1272, 30, 0, '2016-11-05 10:32:35', '', 11.302325553693, 12.063953597438),
(1273, 30, 0, '2016-11-05 10:33:03', '', 11.081967137627, 11.926229576136),
(1274, 30, 0, '2016-11-05 10:33:05', '', 11.081967163772, 11.926229543597),
(1275, 30, 0, '2016-11-05 10:33:16', '', 11.389610393769, 11.649350629599),
(1276, 30, 0, '2016-11-05 10:33:18', '', 11.302325564882, 12.063953544291),
(1277, 30, 0, '2016-11-05 10:33:19', '', 11.302325571167, 12.063953536959),
(1278, 30, 0, '2016-11-05 10:33:23', '', 11.389610383373, 11.649350638955),
(1279, 30, 0, '2016-11-05 10:33:35', '', 11.38961038961, 11.649350649351),
(1280, 30, 0, '2016-11-05 10:33:36', '', 11.081967177063, 11.926229540644),
(1281, 30, 0, '2016-11-05 10:33:37', '', 11.081967166565, 11.926229534083),
(1282, 30, 0, '2016-11-05 10:33:53', '', 11.500000022378, 11.833333370631),
(1283, 30, 0, '2016-11-05 10:33:56', '', 14.250094700239, 15.333295201213),
(1284, 30, 0, '2016-11-05 10:34:00', '', 13.785907523349, 15.64275331914),
(1285, 30, 0, '2016-11-05 10:34:01', '', 14.250000234994, 0),
(1286, 30, 0, '2016-11-05 10:34:07', '', 14.25000002238, 8.6249999530426),
(1287, 30, 0, '2016-11-05 10:34:39', '', 14.249999939131, 8.6249999791665),
(1288, 30, 0, '2016-11-05 10:34:42', '', 14.249999939131, 8.6249999791665),
(1289, 30, 0, '2016-11-05 10:34:43', '', 14.25, 8.6249999715578),
(1290, 30, 0, '2016-11-05 10:34:44', '', 14.249999939131, 8.6249999791665),
(1291, 30, 0, '2016-11-05 10:34:46', '', 14.249999939131, 8.6250000076087),
(1292, 30, 0, '2016-11-05 10:37:05', '', 14.24999997762, 8.6249999819497),
(1293, 30, 0, '2016-11-05 10:37:06', '', 14.25, 8.62499995584),
(1294, 30, 0, '2016-11-05 10:37:08', '', 14.24999997762, 8.6249999819497),
(1295, 30, 0, '2016-11-05 10:37:10', '', 14.25, 8.62499995584),
(1296, 30, 0, '2016-11-05 10:37:12', '', 14.24999997762, 8.6249999894566),
(1297, 30, 0, '2016-11-05 10:37:46', '', 9.8986486486486, 9.1689189189189),
(1298, 30, 0, '2016-11-05 10:37:48', '', 14.24999997762, 8.6250000027975),
(1299, 30, 0, '2016-11-05 10:37:52', '', 9.8986486486486, 9.1689189189189),
(1300, 30, 0, '2016-11-05 10:37:56', '', 9.8986486351258, 9.1689188997615),
(1301, 30, 0, '2016-11-05 10:38:00', '', 9.8986486486486, 9.1689189189189),
(1302, 30, 0, '2016-11-05 10:38:02', '', 9.8986486351258, 9.1689188997615),
(1303, 30, 0, '2016-11-05 10:38:09', '', 14.249999987193, 8.6250000149418),
(1304, 30, 0, '2016-11-05 10:38:11', '', 14.249999987193, 8.624999994094),
(1305, 30, 0, '2016-11-05 10:38:17', '', 14.25, 8.625),
(1306, 30, 0, '2016-11-05 10:38:20', '', 9.8986486351258, 9.1689188997615),
(1307, 30, 0, '2016-11-05 10:38:25', '', 9.8986486573022, 9.1689189044963),
(1308, 30, 0, '2016-11-05 10:38:26', '', 9.8986486524329, 9.1689188975981),
(1309, 30, 0, '2016-11-05 10:38:27', '', 9.8986486573022, 9.1689189044963),
(1310, 30, 0, '2016-11-05 10:38:31', '', 9.8986486524329, 9.1689188975981),
(1311, 30, 0, '2016-11-05 10:38:35', '', 14.249999979986, 8.6250000100086),
(1312, 30, 10, '2016-11-05 10:38:37', '', 14.249999987193, 8.624999994094),
(1313, 39, 0, '2016-11-05 12:43:14', '', 0, 0),
(1314, 39, 0, '2016-11-05 12:43:15', '', 7.1852051956064, 5.9488793192802),
(1315, 39, 0, '2016-11-05 12:43:19', '', 7.5232509656232, 5.702388456013),
(1316, 39, 0, '2016-11-05 12:43:25', '', 7.9960682094908, 2.5458410799765),
(1317, 39, 0, '2016-11-05 12:43:29', '', 14.160700622359, 0),
(1318, 39, 0, '2016-11-05 12:43:33', '', 14.278172794437, 0),
(1319, 39, 0, '2016-11-05 12:43:34', '', 14.175497908993, 0),
(1320, 39, 0, '2016-11-05 12:43:37', '', 14.175497908993, 15.298344769206),
(1321, 39, 0, '2016-11-05 12:43:40', '', 8.6398958247286, 8.5277778814864),
(1322, 39, 0, '2016-11-05 12:43:41', '', 8.6398958247286, 8.5277778814864),
(1323, 39, 0, '2016-11-05 12:43:42', '', 13.916610548654, 5.8072131244427),
(1324, 39, 0, '2016-11-05 12:43:43', '', 6.7254919472755, 10.201785603063),
(1325, 39, 0, '2016-11-05 12:43:44', '', 7.5704903504565, 9.4833793486735),
(1326, 39, 0, '2016-11-05 12:43:46', '', 7.3400281039494, 9.3970384282809),
(1327, 39, 0, '2016-11-05 12:45:46', '', 0, 0),
(1328, 39, 0, '2016-11-05 12:45:50', '', -0.26095046751121, 5.7374950464534),
(1329, 39, 0, '2016-11-05 12:45:51', '', 7.0924388142544, 10.369913387777),
(1330, 39, 0, '2016-11-05 12:45:57', '', 10.268231915515, 11.64806598268),
(1331, 39, 0, '2016-11-05 12:45:58', '', 13.198624422977, 13.011557330716),
(1332, 39, 0, '2016-11-05 12:46:00', '', 6.5567984447009, 8.8604160942931),
(1333, 39, 0, '2016-11-05 12:46:15', '', 9.1483452200244, 10.857246040079),
(1334, 39, 0, '2016-11-05 12:46:18', '', 9.5969127861872, 11.061562959966),
(1335, 39, 0, '2016-11-05 12:46:19', '', 8.7663573201607, 10.312044758216),
(1336, 39, 0, '2016-11-05 12:46:22', '', 12.98804284882, 3.652768207824),
(1337, 39, 0, '2016-11-05 12:46:43', '', 7.6281998505171, 9.7676249065732),
(1338, 39, 0, '2016-11-05 12:46:45', '', 13.673815926204, 0),
(1339, 39, 0, '2016-11-05 12:46:55', '', 14.402053077533, 0),
(1340, 39, 6, '2016-11-05 12:46:57', '', 10.166304015917, 20.421392885098),
(1341, 40, 0, '2016-11-05 12:48:54', '', 0, 0),
(1342, 40, 0, '2016-11-05 12:49:06', '', 20.307445486521, 0),
(1343, 40, 0, '2016-11-05 12:49:10', '', 14.143165717194, 0),
(1344, 40, 0, '2016-11-05 12:49:13', '', 14.324502091007, 0),
(1345, 40, 0, '2016-11-05 12:49:18', '', 14.685526639946, -4.223134972185),
(1346, 40, 0, '2016-11-05 12:49:20', '', 14.902398801037, -4.5755522339583),
(1347, 40, 0, '2016-11-05 12:49:35', '', 14.126833711256, 0),
(1348, 40, 0, '2016-11-05 12:49:38', '', 14.25, 0),
(1349, 40, 0, '2016-11-05 12:49:39', '', 14.167027917946, 0),
(1350, 40, 0, '2016-11-05 12:49:46', '', 14.518324360326, 0),
(1351, 40, 0, '2016-11-05 12:49:48', '', 13.892867340072, 0),
(1352, 40, 0, '2016-11-05 12:49:49', '', 13.892867340072, 0),
(1353, 40, 0, '2016-11-05 12:50:11', '', 0, 0),
(1354, 40, 0, '2016-11-05 12:50:12', '', -24.438296184462, 25.155335690202),
(1355, 40, 0, '2016-11-05 12:50:14', '', -24.438296184462, 25.155335690202),
(1356, 40, 0, '2016-11-05 12:50:21', '', -24.528034838643, 25.215541076219),
(1357, 40, 0, '2016-11-05 12:50:25', '', -23.964876992845, 24.965381616827),
(1358, 40, 0, '2016-11-05 12:50:29', '', -24.000906403402, 25),
(1359, 40, 0, '2016-11-05 12:50:32', '', -23.3620049444, 24.687978357232),
(1360, 40, 0, '2016-11-05 12:50:33', '', -29.998903408508, 27.133151475588),
(1361, 40, 0, '2016-11-05 12:50:35', '', 6.5, 0),
(1362, 40, 0, '2016-11-05 12:50:37', '', 6.3111642224739, 0),
(1363, 40, 0, '2016-11-05 12:51:01', '', 6.7577919690832, 0),
(1364, 40, 0, '2016-11-05 12:51:11', '', 6.8978608768842, 25.17543803498),
(1365, 40, 0, '2016-11-05 12:51:11', '', 21.633703161022, 24.728476647263),
(1366, 40, 7, '2016-11-05 12:51:13', '', 9.6802474546072, 25.581938744062),
(1367, 41, 0, '2016-11-05 12:54:56', '', 0, 0),
(1368, 41, 0, '2016-11-05 12:55:06', '', 11.854172506038, 0),
(1369, 41, 0, '2016-11-05 12:55:10', '', 15.549451465928, 22.58306587997),
(1370, 41, 0, '2016-11-05 12:55:11', '', 16.843769217488, 24.74026213257),
(1371, 41, 0, '2016-11-05 12:55:13', '', 16.943076032511, 24.81665199028),
(1372, 41, 0, '2016-11-05 12:55:32', '', 6.0292412762785, 1.3234158111581),
(1373, 41, 0, '2016-11-05 12:55:33', '', 4.9558282806836, -0.46560584816678),
(1374, 41, 0, '2016-11-05 12:56:48', '', 0, 0),
(1375, 41, 0, '2016-11-05 12:57:11', '', 2.1907841538598, 10.148015144934),
(1376, 41, 0, '2016-11-05 12:57:12', '', 11.045225428756, 17.786626959023),
(1377, 41, 0, '2016-11-05 12:59:00', '', 0, 0),
(1378, 41, 0, '2016-11-05 12:59:02', '', -1.1109424666518, 0),
(1379, 41, 0, '2016-11-05 12:59:16', '', 18.912351133074, -2.0175423875489),
(1380, 41, 0, '2016-11-05 12:59:18', '', 10.51504118066, -0.27107811898917),
(1381, 41, 0, '2016-11-05 12:59:26', '', 17.735381011371, -5.0430737937831),
(1382, 41, 0, '2016-11-05 12:59:30', '', 11.244378916551, 11.647693971883),
(1383, 41, 0, '2016-11-05 12:59:31', '', 11.261165633741, 11.614120537503),
(1384, 41, 0, '2016-11-05 12:59:45', '', 15.186477791993, 4.7010078863662),
(1385, 41, 0, '2016-11-05 12:59:46', '', 11.459836420242, 12.154290629867),
(1386, 41, 0, '2016-11-05 12:59:48', '', 11.12747136308, 12.819020744193),
(1387, 42, 0, '2016-11-05 13:03:28', '', 0, 0),
(1388, 42, 0, '2016-11-05 13:03:29', '', 10.816909599422, 3.8995543357857),
(1389, 42, 0, '2016-11-05 13:03:32', '', 6.1463420979935, 11.537960651976),
(1390, 42, 0, '2016-11-05 13:03:35', '', 14.549522540242, 0),
(1391, 42, 0, '2016-11-05 13:03:37', '', 14.123933088816, 0),
(1392, 42, 0, '2016-11-05 13:03:42', '', 14.384096940047, 0),
(1393, 42, 0, '2016-11-05 13:03:44', '', 14.220721085811, 0),
(1394, 42, 0, '2016-11-05 13:03:51', '', 15.09948980548, -3.3179209339047),
(1395, 42, 0, '2016-11-05 13:03:53', '', 14.25, 0),
(1396, 42, 0, '2016-11-05 13:03:56', '', 14.431336373813, 0),
(1397, 42, 0, '2016-11-05 13:03:57', '', 14.097946922467, 15.117924806829),
(1398, 42, 0, '2016-11-05 13:03:58', '', 14.25, 0),
(1399, 42, 0, '2016-11-05 13:04:05', '', 13.991112639661, 0),
(1400, 42, 0, '2016-11-05 13:04:06', '', 14.464814770952, 15.017935196134),
(1401, 42, 0, '2016-11-05 13:04:08', '', 14.401339083181, 0),
(1402, 42, 0, '2016-11-05 13:04:19', '', 13.707220372575, 0),
(1403, 42, 0, '2016-11-05 13:04:30', '', 14.377572783451, 0),
(1404, 42, 0, '2016-11-05 13:04:38', '', 16.549320995337, 22.16645357605),
(1405, 42, 0, '2016-11-05 13:04:53', '', 5.9260384220745, -0.64499644783643),
(1406, 42, 0, '2016-11-05 13:04:54', '', 10.960186675637, 18.640587336877),
(1407, 42, 0, '2016-11-05 13:05:14', '', 6.6535082806075, 15.911842547453),
(1408, 42, 0, '2016-11-05 13:05:15', '', 6.6535082806075, 3.4390698894859),
(1409, 42, 2, '2016-11-05 13:05:16', '', 5.8431602533456, 2.0884898440493),
(1410, 41, 0, '2016-11-05 13:12:44', '', 0, 0);
INSERT INTO `tbl_history_user` (`id_history`, `id_user`, `id_area_ruangan`, `time`, `notif`, `x_user`, `y_user`) VALUES
(1411, 41, 0, '2016-11-05 13:12:45', '', 14.097946922467, 0),
(1412, 41, 0, '2016-11-05 13:12:48', '', 14.269386294577, 0),
(1413, 41, 0, '2016-11-05 13:12:50', '', 13.924114303325, 0),
(1414, 41, 0, '2016-11-05 13:12:54', '', 14.31203970554, 0),
(1415, 41, 0, '2016-11-05 13:12:55', '', 13.372337400084, 0),
(1416, 41, 0, '2016-11-05 13:12:57', '', 15.110786055981, 0),
(1417, 41, 0, '2016-11-05 13:12:58', '', 14.319402698382, 27.265436142457),
(1418, 41, 0, '2016-11-05 13:13:01', '', 7.8552814339985, 24.046445238548),
(1419, 41, 0, '2016-11-05 13:13:04', '', 6.5, 25.263338326267),
(1420, 41, 0, '2016-11-05 13:13:05', '', 5.2711004045564, 26.164997858994),
(1421, 41, 0, '2016-11-05 13:13:30', '', 6.5, 0),
(1422, 41, 0, '2016-11-05 13:13:36', '', 6.370356121791, 0),
(1423, 41, 0, '2016-11-05 13:13:53', '', 6.5634924685985, 0),
(1424, 41, 0, '2016-11-05 13:13:57', '', 6.2422080309168, 0),
(1425, 41, 0, '2016-11-05 13:14:13', '', 0, 0),
(1426, 41, 0, '2016-11-05 13:14:15', '', 21.218218573191, 8.3345144636983),
(1427, 41, 8, '2016-11-05 13:14:16', '', 20.937309457764, 8.3671783143293),
(1428, 43, 0, '2016-11-05 13:32:38', '', 0, 0),
(1429, 43, 0, '2016-11-05 13:32:39', '', 53.182925342692, -17.674934476317),
(1430, 43, 0, '2016-11-05 13:32:52', '', 90.896847148319, -38.721236223882),
(1431, 43, 0, '2016-11-05 13:32:54', '', -21.169940210072, 31.8695364445),
(1432, 43, 0, '2016-11-05 13:32:55', '', -3.9058968555018, 24.676185046763),
(1433, 43, 0, '2016-11-05 13:32:59', '', -2.9879991535414, 22.021387569507),
(1434, 43, 0, '2016-11-05 13:33:03', '', 6.5, 0),
(1435, 43, 0, '2016-11-05 13:33:04', '', 6.3915582837783, 0),
(1436, 43, 0, '2016-11-05 13:33:06', '', 6.6334870801266, 0),
(1437, 43, 0, '2016-11-05 13:33:09', '', 6.342904415845, 0),
(1438, 43, 0, '2016-11-05 13:33:10', '', 6.5, 0),
(1439, 43, 0, '2016-11-05 13:33:14', '', 6.3030204512748, 0),
(1440, 43, 0, '2016-11-05 13:33:14', '', 6.3030204512748, 0),
(1441, 43, 0, '2016-11-05 13:33:30', '', 4.7744658196954, 27.147477098185),
(1442, 43, 0, '2016-11-05 13:33:30', '', 3.8741782043887, 0),
(1443, 43, 0, '2016-11-05 13:33:33', '', 7.5636220600501, 25.476624480346),
(1444, 43, 5, '2016-11-05 13:33:36', '', 5.7288988819495, 25.271523352737),
(1445, 44, 0, '2016-11-05 13:41:53', '', 0, 0),
(1446, 44, 0, '2016-11-05 13:41:54', '', 13.894143282347, 0),
(1447, 44, 0, '2016-11-05 13:41:56', '', 14.25, 0),
(1448, 44, 0, '2016-11-05 13:41:58', '', 14.25, -2.7258984017723),
(1449, 44, 0, '2016-11-05 13:42:01', '', 8.4576751440652, 6.8203117401145),
(1450, 44, 0, '2016-11-05 13:42:07', '', 10.076656807199, 18.270774818131),
(1451, 44, 0, '2016-11-05 13:42:08', '', 9.8599502241682, 16.645475445402),
(1452, 44, 0, '2016-11-05 13:42:09', '', 10.319916547252, 18.167294979839),
(1453, 44, 0, '2016-11-05 13:42:15', '', 10.01269275817, 17.791044450412),
(1454, 44, 0, '2016-11-05 13:42:16', '', 14.647767839831, -4.1544535700026),
(1455, 44, 0, '2016-11-05 13:45:00', '', 0, 0),
(1456, 44, 0, '2016-11-05 13:45:03', '', 10.322234057716, 4.3570796735977),
(1457, 44, 0, '2016-11-05 13:45:05', '', 12.724834206991, 3.0897159585657),
(1458, 44, 0, '2016-11-05 13:45:07', '', 12.2713742338, 3.1488629115906),
(1459, 44, 0, '2016-11-05 13:45:12', '', 8.2376013975055, 4.8647732464807),
(1460, 44, 0, '2016-11-05 13:45:24', '', 8.7973938189007, 1.0487854084071),
(1461, 44, 0, '2016-11-05 13:45:26', '', 10.916315795624, 17.152368428228),
(1462, 44, 0, '2016-11-05 13:45:32', '', 10.587540770714, 15.398599168556),
(1463, 44, 0, '2016-11-05 13:45:33', '', 10.611346662069, 15.39621857942),
(1464, 44, 0, '2016-11-05 13:45:34', '', 11.243105777499, 17.241169071591),
(1465, 44, 0, '2016-11-05 13:45:45', '', 11.622926020543, 17.78831402528),
(1466, 44, 0, '2016-11-05 13:45:57', '', 11.772835863759, 16.674618180162),
(1467, 44, 0, '2016-11-05 13:46:00', '', 11.279700775936, 17.332243441473),
(1468, 44, 0, '2016-11-05 13:46:01', '', 11.258262752852, 17.267929372219),
(1469, 44, 0, '2016-11-05 13:46:03', '', 11.53227709857, 18.089972409375),
(1470, 44, 0, '2016-11-05 13:46:06', '', 11.151588293185, 16.915416212182),
(1471, 44, 0, '2016-11-05 13:46:10', '', 12.204554862754, 19.629978033619),
(1472, 44, 0, '2016-11-05 13:46:11', '', 11.39707025402, 17.207524207416),
(1473, 44, 0, '2016-11-05 13:46:39', '', 14.360607300446, 0),
(1474, 44, 0, '2016-11-05 13:46:41', '', 14.25, 0),
(1475, 44, 0, '2016-11-05 13:46:42', '', 13.995369038794, -1.8307412492555),
(1476, 44, 0, '2016-11-05 13:46:44', '', 8.0336190439254, 9.1001269918779),
(1477, 44, 0, '2016-11-05 13:46:46', '', 14.43089567874, -2.5384720391671),
(1478, 44, 0, '2016-11-05 13:46:47', '', 13.947696107628, 0),
(1479, 44, 0, '2016-11-05 13:46:48', '', 15.007216826895, -4.2707156586872),
(1480, 44, 0, '2016-11-05 13:47:06', '', 14.08850992248, 0),
(1481, 44, 0, '2016-11-05 13:47:30', '', 13.424954192977, 0),
(1482, 44, 0, '2016-11-05 13:47:31', '', 13.56373428786, 0),
(1483, 44, 0, '2016-11-05 13:47:33', '', 13.686900576604, 25.795860606467),
(1484, 44, 0, '2016-11-05 13:47:42', '', 6.3075526738372, 0),
(1485, 44, 0, '2016-11-05 13:47:43', '', 6.1026777533533, 25.270248362823),
(1486, 45, 0, '2016-11-05 13:56:52', '', 0, 0),
(1487, 45, 0, '2016-11-05 13:56:53', '', 46.111003181515, -14.954964414326),
(1488, 45, 0, '2016-11-05 13:56:54', '', 6.752386567466, 10.699283664099),
(1489, 45, 0, '2016-11-05 13:57:00', '', 7.7093046815803, 8.6911298924321),
(1490, 45, 0, '2016-11-05 13:57:01', '', 14.133430528636, 0),
(1491, 45, 0, '2016-11-05 13:57:02', '', 13.24174448131, -0.29908478212823),
(1492, 45, 0, '2016-11-05 13:57:04', '', 13.756081792504, -1.1348829128193),
(1493, 45, 0, '2016-11-05 13:57:05', '', 9.1716743075765, 11.933757467704),
(1494, 45, 0, '2016-11-05 13:57:06', '', 9.3269674029732, 11.209056355853),
(1495, 45, 0, '2016-11-05 13:57:11', '', 6.0955247329306, 8.003296154747),
(1496, 45, 0, '2016-11-05 13:57:13', '', 1.4388853372347, -0.14101220807817),
(1497, 45, 0, '2016-11-05 13:57:29', '', 10.337126670741, 9.7900961168829),
(1498, 45, 0, '2016-11-05 13:57:30', '', 9.8097621898334, 5.2990865175202),
(1499, 45, 0, '2016-11-05 13:57:32', '', 9.4975806550513, 10.154362406404),
(1500, 45, 0, '2016-11-05 13:57:34', '', 9.0685919522046, 11.784228946186),
(1501, 45, 0, '2016-11-05 13:57:35', '', 9.9602961622364, 16.725455034696),
(1502, 45, 0, '2016-11-05 13:57:37', '', 14.813099423396, -5.2689543713112),
(1503, 45, 0, '2016-11-05 13:57:39', '', 1.8825489521217, 29.881726765404),
(1504, 45, 0, '2016-11-05 13:58:09', '', 8.4690626311311, 10.409470151661),
(1505, 45, 0, '2016-11-05 13:58:12', '', 0, 0),
(1506, 45, 0, '2016-11-05 13:58:15', '', 0, 0),
(1507, 45, 0, '2016-11-05 13:58:23', '', 0, 0),
(1508, 45, 0, '2016-11-05 13:59:00', '', 0, 0),
(1509, 45, 0, '2016-11-05 13:59:05', '', 12.496856458174, 4.5491917032656),
(1510, 45, 0, '2016-11-05 13:59:06', '', 16.715230192344, 0),
(1511, 45, 0, '2016-11-05 13:59:09', '', 14.098660916819, 0),
(1512, 45, 0, '2016-11-05 13:59:10', '', 14.685526639946, 0),
(1513, 45, 0, '2016-11-05 13:59:11', '', 13.971088133369, 0),
(1514, 45, 0, '2016-11-05 13:59:13', '', 14.647767839831, 0),
(1515, 45, 0, '2016-11-05 13:59:15', '', 14.191829914931, 0),
(1516, 45, 0, '2016-11-05 13:59:17', '', 14.373166288744, 0),
(1517, 45, 0, '2016-11-05 13:59:21', '', 13.981675639674, 0),
(1518, 45, 0, '2016-11-05 13:59:23', '', 14.549522540242, 0),
(1519, 45, 0, '2016-11-05 13:59:24', '', 14.129145102383, 0),
(1520, 45, 0, '2016-11-05 13:59:28', '', 12.832275416045, 0),
(1521, 45, 0, '2016-11-05 13:59:29', '', 12.832275416045, 0.36630244892643),
(1522, 45, 0, '2016-11-05 13:59:30', '', 8.9310176970257, 8.0547048390036),
(1523, 45, 0, '2016-11-05 13:59:33', '', 8.3484075918575, 7.1774217959415),
(1524, 45, 0, '2016-11-05 13:59:35', '', 8.4868803884671, 8.2159677705133),
(1525, 45, 0, '2016-11-05 13:59:40', '', 8.0596925640325, 7.7368549311215),
(1526, 45, 0, '2016-11-05 13:59:41', '', 6.8981922209651, 10.170327703986),
(1527, 45, 0, '2016-11-05 13:59:42', '', 4.9775298624142, 12.897444939181),
(1528, 45, 0, '2016-11-05 13:59:43', '', 5.8359134997201, 13.041187608409),
(1529, 45, 0, '2016-11-05 13:59:45', '', 8.5172761957804, 7.7424557798679),
(1530, 45, 0, '2016-11-05 14:01:08', '', 0, 0),
(1531, 45, 0, '2016-11-05 14:01:12', '', 12.098559804666, 3.1714039240863),
(1532, 45, 0, '2016-11-05 14:01:23', '', 14.075268891078, 0),
(1533, 45, 0, '2016-11-05 14:01:24', '', 14.976323516736, -4.7305893213645),
(1534, 45, 0, '2016-11-05 14:01:29', '', 14.191829914931, 0),
(1535, 45, 0, '2016-11-05 14:01:31', '', 15.452587174984, -7.3427725199579),
(1536, 45, 0, '2016-11-05 14:01:34', '', 14.25, -1.9375),
(1537, 45, 0, '2016-11-05 14:01:37', '', 13.865045728477, 0),
(1538, 45, 0, '2016-11-05 14:01:40', '', 14.464814770952, -2.6508536008086),
(1539, 45, 0, '2016-11-05 14:01:41', '', 14.616867848485, 0),
(1540, 45, 0, '2016-11-05 14:01:44', '', 14.068663626187, 0),
(1541, 45, 0, '2016-11-05 14:01:46', '', 13.894143282347, 15.169253177781),
(1542, 45, 0, '2016-11-05 14:01:47', '', 9.0926738047172, 9.6416789618352),
(1543, 45, 0, '2016-11-05 14:01:51', '', 14.25, 0),
(1544, 45, 0, '2016-11-05 14:01:59', '', 13.982284388394, 0),
(1545, 45, 0, '2016-11-05 14:02:15', '', 14.057367375686, 0),
(1546, 45, 0, '2016-11-05 14:02:21', '', 12.289699145984, 18.285394810689),
(1547, 45, 0, '2016-11-05 14:02:23', '', 16.34737150285, 24.711624861572),
(1548, 45, 0, '2016-11-05 14:02:41', '', 8.4945745537579, 24.852410037231),
(1549, 45, 0, '2016-11-05 14:02:41', '', 6.5, 25),
(1550, 45, 0, '2016-11-05 14:02:41', '', 18.059554374627, 24.465138320996),
(1551, 45, 0, '2016-11-05 14:02:43', '', 0, 0),
(1552, 45, 0, '2016-11-05 14:02:50', '', 6.5553486973995, 0),
(1553, 45, 0, '2016-11-05 14:02:52', '', 6.4194299684727, 0),
(1554, 45, 0, '2016-11-05 14:02:56', '', 14.525083225571, 0),
(1555, 45, 0, '2016-11-05 14:02:57', '', 13.013176446216, 0),
(1556, 45, 0, '2016-11-08 09:49:57', '', 0, 0),
(1557, 45, 0, '2016-11-08 09:50:04', '', -5.7924205792118, 18.278768856794),
(1558, 45, 0, '2016-11-08 09:50:06', '', 15.787032535257, 14.818629834276),
(1559, 45, 0, '2016-11-08 09:50:15', '', 15.922694198636, 14.746808953663),
(1560, 45, 0, '2016-11-08 09:50:19', '', 11.219361618901, 11.802574542989),
(1561, 45, 0, '2016-11-08 09:50:21', '', 10.090740292227, 12.154081912524),
(1562, 45, 0, '2016-11-08 09:50:23', '', 10.079955966344, 12.139702811347),
(1563, 45, 0, '2016-11-08 09:50:27', '', 9.9086710563998, 12.211561408533),
(1564, 45, 0, '2016-11-08 09:50:30', '', 9.7490816198476, 12.247025727767),
(1565, 45, 0, '2016-11-08 09:50:32', '', 9.9224152732821, 12.17471185425),
(1566, 45, 0, '2016-11-08 09:50:35', '', 12.278348702422, 15.371131603229),
(1567, 45, 0, '2016-11-08 09:50:36', '', 15.857652005776, 14.798443074693),
(1568, 45, 0, '2016-11-08 09:50:37', '', -47.170996196967, 24.877569363358),
(1569, 45, 0, '2016-11-08 09:51:24', '', 0, 0),
(1570, 45, 0, '2016-11-08 09:51:28', '', -6.1485103363602, 18.189527422722),
(1571, 45, 0, '2016-11-08 09:51:30', '', 11.16470166127, 15.7009632148),
(1572, 45, 0, '2016-11-08 09:51:31', '', -14.099078682317, 25.133039448226),
(1573, 45, 0, '2016-11-08 09:51:35', '', -15.709263292831, 25.595338305974),
(1574, 45, 0, '2016-11-08 09:51:37', '', -15.709263292831, 25.595338305974),
(1575, 45, 4, '2016-11-08 09:51:38', '', 7.9773862871511, 12.962458529984);

-- --------------------------------------------------------

--
-- Table structure for table `tbl_user`
--

CREATE TABLE `tbl_user` (
  `id_user` int(10) NOT NULL,
  `username` varchar(50) NOT NULL,
  `password` varchar(100) NOT NULL,
  `token` varchar(25) NOT NULL,
  `join_date` datetime NOT NULL
) ENGINE=InnoDB DEFAULT CHARSET=latin1;

--
-- Dumping data for table `tbl_user`
--

INSERT INTO `tbl_user` (`id_user`, `username`, `password`, `token`, `join_date`) VALUES
(3, 'lalay', '2e3817293fc275dbee74bd71ce6eb056', 'cd97f507586ffd3711ece809c', '2016-05-12 19:38:07'),
(7, 'admin', '21232f297a57a5a743894a0e4a801fc3', '4349f62640f13bb959f5b8b57', '2016-07-16 14:01:04'),
(23, 'jsusilo', '2dbae20f9ab29b4447f18c2f4979e47b', '91bf8b6387b7c113a9dd3f9ca', '2016-09-14 11:17:31'),
(28, 'polosz', '49ce974abcc35530daa0e055f3f64601', 'c39a3a28faa149e1f999f95e3', '2016-09-14 15:55:51'),
(29, 'arip33', '5d7eb10bb6ad23967c1aef0829b418eb', '85f2b47d540a4c85110cefad4', '2016-10-21 17:12:51'),
(30, 'jokosusilo', '37a74c302a0c7049cb24da6bef144a6f', '81fd529facb96c5522c0fdb17', '2016-10-21 17:47:46'),
(32, 'alam123', '065560e681ee8581be4a054b1948a92b', '1ddb8e8bf9a32aceab1805c53', '2016-10-21 17:54:21'),
(34, 'april123', '3f8c1d9e97bbd72e92bceba6de0bec65', 'e5cf653e9e40a85d97a80a3a6', '2016-10-21 18:24:55'),
(35, 'finka123', '7fdf7f0632a5fa6b1fd50a2f9121e515', '4f5aa08396e5fcb353ce277c4', '2016-10-21 18:37:23'),
(36, 'intan', 'b1098cab9c2db3eb9f576eb66c33449c', 'd9d1be795616178daec8d2591', '2016-10-24 18:30:32'),
(37, 'lupita', '51f4325b2859484f6fb0a5a400cf65c1', '177a9c67842b7cc0fc559350d', '2016-10-30 12:20:46'),
(38, 'dyah123', 'b3320707f1dafb7a1845a645cc9d8700', '69762a7f2579e92e5aad4920c', '2016-10-31 09:15:36'),
(39, 'landung123', '85fe43c73be04fe8c0165a984c48f034', 'eeccca37b8e4bda2a9a7000f0', '2016-11-05 12:39:10'),
(40, 'bilal', '5ae1c881ad1d8d750f15c232a3232379', 'd7a87af3f86c4de4732306b04', '2016-11-05 12:48:32'),
(41, 'candra', '2614ae3c375c3095dc536283672548bd', 'b0a09ac261032a0f6d644147e', '2016-11-05 12:53:52'),
(42, 'esa123', 'f301e29f96d44e55410e4ea0f0c158f8', '161073a8e5ce72706ab73745a', '2016-11-05 13:02:31'),
(43, 'danang', '6a17faad3b1275fd2558d5435c58440e', '919f6420569ca5b29a15d63ab', '2016-11-05 13:17:43'),
(44, 'amirul', '2c70cbd94379be805d30ead3eeb17f76', 'c63e15bb3046606c122df6550', '2016-11-05 13:40:52'),
(45, 'edo123', 'f7953ed435f9fb3009128e280748a1c4', 'c4771050f78f444596afb96dc', '2016-11-05 13:55:30');

--
-- Indexes for dumped tables
--

--
-- Indexes for table `tbl_area_ruangan`
--
ALTER TABLE `tbl_area_ruangan`
  ADD PRIMARY KEY (`id_area_ruangan`),
  ADD KEY `id_denah_ruangan` (`id_denah_ruangan`);

--
-- Indexes for table `tbl_cubeacon`
--
ALTER TABLE `tbl_cubeacon`
  ADD PRIMARY KEY (`id_cubeacon`),
  ADD KEY `id_denah_ruangan` (`id_denah_ruangan`);

--
-- Indexes for table `tbl_denah_ruangan`
--
ALTER TABLE `tbl_denah_ruangan`
  ADD PRIMARY KEY (`id_denah_ruangan`);

--
-- Indexes for table `tbl_history_user`
--
ALTER TABLE `tbl_history_user`
  ADD PRIMARY KEY (`id_history`),
  ADD KEY `id_area_ruangan` (`id_area_ruangan`);

--
-- Indexes for table `tbl_user`
--
ALTER TABLE `tbl_user`
  ADD PRIMARY KEY (`id_user`),
  ADD UNIQUE KEY `username` (`username`);

--
-- AUTO_INCREMENT for dumped tables
--

--
-- AUTO_INCREMENT for table `tbl_area_ruangan`
--
ALTER TABLE `tbl_area_ruangan`
  MODIFY `id_area_ruangan` int(10) NOT NULL AUTO_INCREMENT, AUTO_INCREMENT=15;
--
-- AUTO_INCREMENT for table `tbl_cubeacon`
--
ALTER TABLE `tbl_cubeacon`
  MODIFY `id_cubeacon` int(10) NOT NULL AUTO_INCREMENT, AUTO_INCREMENT=15;
--
-- AUTO_INCREMENT for table `tbl_denah_ruangan`
--
ALTER TABLE `tbl_denah_ruangan`
  MODIFY `id_denah_ruangan` int(10) NOT NULL AUTO_INCREMENT, AUTO_INCREMENT=100;
--
-- AUTO_INCREMENT for table `tbl_history_user`
--
ALTER TABLE `tbl_history_user`
  MODIFY `id_history` int(11) NOT NULL AUTO_INCREMENT, AUTO_INCREMENT=1576;
--
-- AUTO_INCREMENT for table `tbl_user`
--
ALTER TABLE `tbl_user`
  MODIFY `id_user` int(10) NOT NULL AUTO_INCREMENT, AUTO_INCREMENT=46;
--
-- Constraints for dumped tables
--

--
-- Constraints for table `tbl_area_ruangan`
--
ALTER TABLE `tbl_area_ruangan`
  ADD CONSTRAINT `tbl_area_ruangan_ibfk_1` FOREIGN KEY (`id_denah_ruangan`) REFERENCES `tbl_denah_ruangan` (`id_denah_ruangan`) ON DELETE CASCADE ON UPDATE CASCADE;

--
-- Constraints for table `tbl_cubeacon`
--
ALTER TABLE `tbl_cubeacon`
  ADD CONSTRAINT `tbl_cubeacon_ibfk_1` FOREIGN KEY (`id_denah_ruangan`) REFERENCES `tbl_denah_ruangan` (`id_denah_ruangan`) ON DELETE CASCADE ON UPDATE CASCADE;

/*!40101 SET CHARACTER_SET_CLIENT=@OLD_CHARACTER_SET_CLIENT */;
/*!40101 SET CHARACTER_SET_RESULTS=@OLD_CHARACTER_SET_RESULTS */;
/*!40101 SET COLLATION_CONNECTION=@OLD_COLLATION_CONNECTION */;
